id,名字,地址,经度,纬度,省份,citycode,市,adcode,区,type,rating,cost,tag
B0FFGK1MM3,老人院,村心路,113.77 ,23.20 ,广东省,20,广州市,440118,增城区,体育休闲服务;度假疗养场所;疗养院,,,
B029400OCO,老人院,海滨路附近,116.08 ,22.87 ,广东省,660,汕尾市,441581,陆丰市,体育休闲服务;度假疗养场所;疗养院,,,
B0FFI952H9,敬老院,园洲镇九潭,113.98 ,23.16 ,广东省,752,惠州市,441322,博罗县,体育休闲服务;度假疗养场所;疗养院,,,
B0FFHD74XS,敬老院,473县道南50米,111.48 ,23.15 ,广东省,766,云浮市,445322,郁南县,体育休闲服务;度假疗养场所;疗养院,,,
B00141T4XJ,敬老院,良田大道84号,113.39 ,23.35 ,广东省,20,广州市,440111,白云区,体育休闲服务;度假疗养场所;疗养院,,,
B0014001A8,广州市老人院,钟落潭广从十路1288号,113.48 ,23.42 ,广东省,20,广州市,440111,白云区,体育休闲服务;度假疗养场所;疗养院,,,
B0FFGJ7C6S,深溪南山老人院,仙城镇瑞安街,116.32 ,23.22 ,广东省,754,汕头市,440514,潮南区,体育休闲服务;度假疗养场所;疗养院,,,
B0FFJ0G1VE,棠下老人院,三元里大道与机场路交叉口东南100米,113.26 ,23.15 ,广东省,20,广州市,440111,白云区,体育休闲服务;度假疗养场所;疗养院,,,
B0FFHW44EA,星光老人院,马房四街6号,113.20 ,23.38 ,广东省,20,广州市,440114,花都区,体育休闲服务;度假疗养场所;疗养院,,,
B02F101C4E,百侯老人院,百侯镇侯北连来路百侯大厦西450米,116.76 ,24.30 ,广东省,753,梅州市,441422,大埔县,体育休闲服务;度假疗养场所;疗养院,,,
B0FFJOJ09W,公益村老人院,公益文化活动中心,113.21 ,23.40 ,广东省,20,广州市,440114,花都区,体育休闲服务;度假疗养场所;疗养院,,,
B0FFJGIIUB,里美老人院,和平镇,116.48 ,23.24 ,广东省,754,汕头市,440513,潮阳区,体育休闲服务;度假疗养场所;疗养院,,,
B0FFJDCPU7,南山老人院,南芳路西50米,116.17 ,23.28 ,广东省,663,揭阳市,445281,普宁市,体育休闲服务;度假疗养场所;疗养院,,,
B0FFJ0F8IS,南山老人院,外海南山市场,113.14 ,22.58 ,广东省,750,江门市,440704,江海区,体育休闲服务;度假疗养场所;疗养院,,,
B0FFIVT8WH,光塔老人院,光塔路21号五楼,113.26 ,23.12 ,广东省,20,广州市,440104,越秀区,体育休闲服务;度假疗养场所;疗养院,,,
B0FFI5SY8T,北水老人院,平沙镇,113.23 ,22.04 ,广东省,756,珠海市,440404,金湾区,体育休闲服务;度假疗养场所;疗养院,,,
B0FFHQ0MKF,上海村老人院,大道六十九巷3附近,113.18 ,23.02 ,广东省,757,佛山市,440605,南海区,体育休闲服务;度假疗养场所;疗养院,,,
B0FFGYGNJH,高埕村老人院,池尾街道电信大楼,116.14 ,23.30 ,广东省,663,揭阳市,445281,普宁市,体育休闲服务;度假疗养场所;疗养院,,,
B0FFGFVOOV,花都老人院,长岗墟南街(雅新蛋糕坊南),113.23 ,23.44 ,广东省,20,广州市,440114,花都区,体育休闲服务;度假疗养场所;疗养院,,,
B00140C2SZ,越秀区老人院,光塔路21号,113.26 ,23.12 ,广东省,20,广州市,440104,越秀区,体育休闲服务;度假疗养场所;疗养院,,,
B0FFHMMF6Z,隆墟老人院,隆圩大街与隆墟大街交叉口西南100米,113.32 ,22.52 ,广东省,760,中山市,442000,中山市,体育休闲服务;度假疗养场所;疗养院,,,
B00140W6PI,白云区老人院,大罗村,113.36 ,23.32 ,广东省,20,广州市,440111,白云区,体育休闲服务;度假疗养场所;疗养院,,,
B0FFKDJ6YX,敬老院,左一巷与312县道交叉口东南200米中共沙河社区支部委员会附近,112.88 ,23.99 ,广东省,763,清远市,441803,清新区,体育休闲服务;度假疗养场所;疗养院,,,
B0FFH0KJDW,前山老人院,高奇街23号附近,113.53 ,22.24 ,广东省,756,珠海市,440402,香洲区,体育休闲服务;度假疗养场所;疗养院,,,
B0FFGFQY9Y,敬老院,盘福北街19号,113.74 ,22.80 ,广东省,769,东莞市,441900,东莞市,体育休闲服务;度假疗养场所;疗养院,,,
B02EE01WWN,敬老院(深吕中心大路),义隆大道与深吕中心大路交叉口西150米附近,113.11 ,22.48 ,广东省,750,江门市,440705,新会区,体育休闲服务;度假疗养场所;疗养院,,,
B0FFF9GU0D,安宁敬老院,芳村荔湾区花蕾路市街乌石墩3号,113.24 ,23.09 ,广东省,20,广州市,440103,荔湾区,体育休闲服务;度假疗养场所;疗养院,,,
B0FFGPRF7C,笔村老人院,笔村荔园大街4号,113.53 ,23.11 ,广东省,20,广州市,440112,黄埔区,体育休闲服务;度假疗养场所;疗养院,,,
B0FFGJ8AGE,东畔老人院,河溪镇桑田乡,116.53 ,23.35 ,广东省,754,汕头市,440513,潮阳区,体育休闲服务;度假疗养场所;疗养院,,,
B0FFHZPS33,龙华敬老院(桃苑路东二巷),龙观西路,114.01 ,22.66 ,广东省,755,深圳市,440309,龙华区,体育休闲服务;度假疗养场所;疗养院,3.5,,
B0FFFPWONJ,广州市白云区添福老人院,均和街石马村桃源北西街88号,113.25 ,23.26 ,广东省,20,广州市,440111,白云区,体育休闲服务;度假疗养场所;疗养院,,,
B0FFGN6H6O,黄埔区老人院,港湾西三街70号之一,113.44 ,23.11 ,广东省,20,广州市,440112,黄埔区,体育休闲服务;体育休闲服务场所;体育休闲服务场所,,,
B0FFFFYP0N,广州市天河区老人院,粤垦路573-577号燕康楼,113.33 ,23.15 ,广东省,20,广州市,440106,天河区,体育休闲服务;度假疗养场所;疗养院,,,
B02F103HDW,兴宁市新圩镇老人院,968县道北50米,115.88 ,24.06 ,广东省,753,梅州市,441481,兴宁市,体育休闲服务;度假疗养场所;疗养院,,,
B0FFHKBMC6,怡院老人院,塘房村卫国区63号,113.13 ,23.02 ,广东省,757,佛山市,440604,禅城区,体育休闲服务;度假疗养场所;疗养院,,,
B0FFHCEJIG,吉祥托养老人院,英城街道峰光路同德茶行旁边,113.40 ,24.19 ,广东省,763,清远市,441881,英德市,体育休闲服务;度假疗养场所;疗养院,,,
B0FFGLE833,塘东老人院,萝峰塘山路60,113.52 ,23.18 ,广东省,20,广州市,440112,黄埔区,体育休闲服务;度假疗养场所;疗养院,,,
B00140K1JN,越秀区添寿老人院,寺右北一街三巷9五羊邨工业大厦3层,113.31 ,23.12 ,广东省,20,广州市,440104,越秀区,体育休闲服务;度假疗养场所;疗养院,,,
B030104D1C,石碣镇敬老院,石碣镇四甲叶屋村,113.80 ,23.10 ,广东省,769,东莞市,441900,东莞市,体育休闲服务;度假疗养场所;疗养院,,,
B0FFGJ7EQM,家美家三老人院,成田镇,116.48 ,23.19 ,广东省,754,汕头市,440514,潮南区,体育休闲服务;度假疗养场所;疗养院,,,
B02F10RI2I,扶大桃发老人院,珊全村道西50米,116.08 ,24.25 ,广东省,753,梅州市,441403,梅县区,体育休闲服务;度假疗养场所;疗养院,,,
B00140QYQB,广州市白云博爱园老人院,增槎路343-345号,113.22 ,23.15 ,广东省,20,广州市,440111,白云区,体育休闲服务;度假疗养场所;疗养院,3.5,,
B0FFIDTF0J,溪南菜市场老人院,陈店镇,116.32 ,23.28 ,广东省,754,汕头市,440514,潮南区,体育休闲服务;度假疗养场所;疗养院,,,
B0FFI6O5BD,北海老人院,翠苑新村十一排与翠苑路交叉口北100米,113.17 ,22.67 ,广东省,760,中山市,442000,中山市,体育休闲服务;体育休闲服务场所;体育休闲服务场所,,,
B0FFGES7RU,广州市天河区第一老人院,大观街西200米,113.42 ,23.16 ,广东省,20,广州市,440106,天河区,体育休闲服务;度假疗养场所;疗养院,,,
BV10708265,广州市老人院(公交站),(停运)广从5线,113.48 ,23.43 ,广东省,20,广州市,440117,从化区,交通设施服务;公交车站;公交车站相关,,,
B0FFF2BGBO,花都区养老院,106国道附近,113.30 ,23.55 ,广东省,20,广州市,440114,花都区,体育休闲服务;度假疗养场所;疗养院,,,
B0FFG4Z259,傍西村敬老院老人活动中心,中和南大街与中和西路交叉口东北50米,113.40 ,22.94 ,广东省,20,广州市,440113,番禺区,体育休闲服务;度假疗养场所;疗养院,,,
B0FFICOBR1,橘城养老院,下郭街道办西堤中路下郭区第三段119号,110.64 ,21.64 ,广东省,668,茂名市,440982,化州市,体育休闲服务;度假疗养场所;疗养院,,,
B0FFF33Y79,万佳养老院,工业西路与芙蓉北四路交叉口西200米,113.55 ,24.80 ,广东省,751,韶关市,440203,武江区,体育休闲服务;度假疗养场所;疗养院,,,
B0FFF2CFAC,阳江市养老院,洲头路,111.95 ,21.85 ,广东省,662,阳江市,441702,江城区,体育休闲服务;度假疗养场所;疗养院|政府机构及社会团体;政府及社会团体相关;政府及社会团体相关,,,
B00141J49N,博爱养老院(大来北路),太和镇谢家庄大来南路81号,113.36 ,23.30 ,广东省,20,广州市,440111,白云区,体育休闲服务;度假疗养场所;疗养院,3,,
B0FFG2B9XK,龙岗敬老院,南联社区碧新路2032号,114.27 ,22.71 ,广东省,755,深圳市,440307,龙岗区,体育休闲服务;度假疗养场所;疗养院,3.5,,
B02F50XL97,九江敬老院,九江镇下西万寿村166号,113.01 ,22.83 ,广东省,757,佛山市,440605,南海区,体育休闲服务;度假疗养场所;疗养院,,,
B02F50UNF3,南山敬老院,南山镇,112.84 ,23.44 ,广东省,757,佛山市,440607,三水区,体育休闲服务;度假疗养场所;疗养院,,,
B02F503PR8,乐平敬老院,南边工业大道13号,112.94 ,23.27 ,广东省,757,佛山市,440607,三水区,体育休闲服务;度假疗养场所;疗养院,,,
B029600WWY,合山敬老院,535县道东50米,112.13 ,21.97 ,广东省,662,阳江市,441704,阳东区,体育休闲服务;度假疗养场所;疗养院,,,
B00141JCLJ,芙蓉敬老院,旗岭大街与284县道交叉口东南100米,113.22 ,23.47 ,广东省,20,广州市,440114,花都区,体育休闲服务;度假疗养场所;疗养院,3.2,,
B0FFGBP3EM,员村老人院,员村南社大街2巷1号近,113.36 ,23.11 ,广东省,20,广州市,440106,天河区,体育休闲服务;体育休闲服务场所;体育休闲服务场所,,,
B0FFJFK0EV,波溪老人院,仙城镇,116.34 ,23.24 ,广东省,754,汕头市,440514,潮南区,体育休闲服务;体育休闲服务场所;体育休闲服务场所,,,
B0FFJ57F9J,浮山尾老人院,南径镇,116.31 ,23.35 ,广东省,663,揭阳市,445281,普宁市,体育休闲服务;体育休闲服务场所;体育休闲服务场所,,,
B0FFHWIEFZ,蒲鱼庄老人院,蒲北街与蒲鱼街交叉口东50米,113.29 ,23.31 ,广东省,20,广州市,440111,白云区,体育休闲服务;体育休闲服务场所;体育休闲服务场所,,,
B0FFHO9NIH,莘田村老人院,815乡道南50米,113.41 ,23.41 ,广东省,20,广州市,440114,花都区,体育休闲服务;体育休闲服务场所;体育休闲服务场所,,,
B0FFGQINY3,老人院桥,翁源县,114.04 ,24.25 ,广东省,751,韶关市,440229,翁源县,地名地址信息;交通地名;桥,,,
B02F501DG9,凤城敬老院,大良凤庆大街80号,113.25 ,22.85 ,广东省,757,佛山市,440606,顺德区,体育休闲服务;度假疗养场所;疗养院,,,
B00141ILDG,孝思养老院,南田路仁济直街14号,113.26 ,23.10 ,广东省,20,广州市,440105,海珠区,体育休闲服务;度假疗养场所;疗养院,3.5,,
B03017U7PA,城区敬老院,下湖路21号,113.75 ,23.05 ,广东省,769,东莞市,441900,东莞市,体育休闲服务;度假疗养场所;疗养院,3.5,,
B0FFF028C9,白沙敬老院,北环路与建新二路交叉口东南50米,111.89 ,21.87 ,广东省,662,阳江市,441702,江城区,体育休闲服务;度假疗养场所;疗养院,,,
B02EE01OOY,平石敬老院,577乡道附近,112.30 ,22.23 ,广东省,750,江门市,440785,恩平市,体育休闲服务;度假疗养场所;疗养院,,,
B02F37WDHA,盐田区老人颐养院,沙盐路径口村63号盐田区社会福利中心,114.22 ,22.55 ,广东省,755,深圳市,440308,盐田区,体育休闲服务;度假疗养场所;疗养院,,,
B00141K87J,温泉镇石坑村老人颐养院,政通路140号附近,113.72 ,23.58 ,广东省,20,广州市,440117,从化区,体育休闲服务;度假疗养场所;疗养院,,,
B0FFK7IY47,广州市英明老人疗养院,儒林新街与涌岸街交叉口西南100米,113.23 ,23.10 ,广东省,20,广州市,440103,荔湾区,体育休闲服务;度假疗养场所;疗养院,,,
B030101TZW,横沥敬老院,横沥镇康和路,113.96 ,23.03 ,广东省,769,东莞市,441900,东莞市,体育休闲服务;度假疗养场所;疗养院,,,
B0FFGBYDCW,员村老人院活动中心,嘉禾鹤边,113.27 ,23.22 ,广东省,20,广州市,440111,白云区,体育休闲服务;体育休闲服务场所;体育休闲服务场所,,,
B02F60OTNL,凤凰敬老院,凤凰路与民乐街交叉口东北200米,112.57 ,23.20 ,广东省,758,肇庆市,441203,鼎湖区,体育休闲服务;度假疗养场所;疗养院,5,,
B00141PT5E,敬老院公园,西塱敬老院对面,113.23 ,23.06 ,广东省,20,广州市,440103,荔湾区,风景名胜;公园广场;公园,3.8,,
B030102AP7,寮步敬老院,寮步镇大博横二街22号,113.89 ,23.00 ,广东省,769,东莞市,441900,东莞市,体育休闲服务;度假疗养场所;疗养院,,,
B030101VJV,黄江敬老院,黄江镇社贝村康阳一街8号,114.04 ,22.91 ,广东省,769,东莞市,441900,东莞市,体育休闲服务;度假疗养场所;疗养院,,,
B02F002WC1,霞涌敬老院,霞光东路21号,114.66 ,22.77 ,广东省,752,惠州市,441303,惠阳区,体育休闲服务;度假疗养场所;疗养院,,,
B0FFJ0H440,河东镇敬老院,河东卫生院,115.78 ,23.92 ,广东省,753,梅州市,441424,五华县,体育休闲服务;度假疗养场所;疗养院,,,
B02F60OTNL,凤凰敬老院,凤凰路与民乐街交叉口东北200米,112.57 ,23.20 ,广东省,758,肇庆市,441203,鼎湖区,体育休闲服务;度假疗养场所;疗养院,5,,
B00141PT5E,敬老院公园,西塱敬老院对面,113.23 ,23.06 ,广东省,20,广州市,440103,荔湾区,风景名胜;公园广场;公园,3.8,,
B0FFI328NW,粤园养老院,永顺大道西126号,113.53 ,23.21 ,广东省,20,广州市,440112,黄埔区,体育休闲服务;度假疗养场所;疗养院,,,
B0FFHOFI3P,深圳宝安养老院,松岗街道松明大道179号,113.83 ,22.76 ,广东省,755,深圳市,440306,宝安区,体育休闲服务;度假疗养场所;疗养院,,,
B00141T52X,裕升养老院,西增路62号,113.24 ,23.14 ,广东省,20,广州市,440103,荔湾区,体育休闲服务;度假疗养场所;疗养院,3,,
B02F002WC1,霞涌敬老院,霞光东路21号,114.66 ,22.77 ,广东省,752,惠州市,441303,惠阳区,体育休闲服务;度假疗养场所;疗养院,,,
B0FFK9TO8D,鹤寿养老院,鹤园东二巷20号,113.24 ,23.07 ,广东省,20,广州市,440103,荔湾区,体育休闲服务;度假疗养场所;疗养院,,,
B0FFHJFWVM,康源养老院,红旗北路大园村石化北区(青年公寓)3-4栋,110.90 ,21.68 ,广东省,668,茂名市,440902,茂南区,体育休闲服务;度假疗养场所;疗养院,3,,
B0FFHCJJ6J,康颐养老院,祖庙街道市东下路69号2座远大医院后面,113.13 ,23.03 ,广东省,757,佛山市,440604,禅城区,体育休闲服务;度假疗养场所;疗养院,4.5,,
B0FFI1SQMR,知己养老院,金业大道92号附近,114.43 ,22.62 ,广东省,755,深圳市,440307,龙岗区,体育休闲服务;度假疗养场所;疗养院,,,
B00141IHH4,慈心养老院,江泰路2号之1,113.28 ,23.08 ,广东省,20,广州市,440105,海珠区,体育休闲服务;度假疗养场所;疗养院,3,,
B0FFF9WS8M,友善养老院,红旗北路大园路北1栋,110.90 ,21.68 ,广东省,668,茂名市,440902,茂南区,体育休闲服务;度假疗养场所;疗养院,,,
B0FFF5K0E4,金禧养老院,同福路仁和直街天庆里1号(原二龙街龙导尾),113.26 ,23.10 ,广东省,20,广州市,440105,海珠区,体育休闲服务;度假疗养场所;疗养院,3.5,,
B001403B3F,番禺钟村敬老院,钟村街中二开发区,113.32 ,22.98 ,广东省,20,广州市,440113,番禺区,体育休闲服务;度假疗养场所;疗养院,,,
B00141JJ73,广州心慈养老院,机场路28号后座,113.26 ,23.16 ,广东省,20,广州市,440111,白云区,体育休闲服务;度假疗养场所;疗养院,,,
B0FFH6XRHZ,兴福养老院,曾学路20号附近,115.73 ,24.14 ,广东省,753,梅州市,441481,兴宁市,体育休闲服务;度假疗养场所;疗养院,,,
B0FFH5EW5X,松柏养老院,红旗北路大园北青年公寓小区5栋,110.90 ,21.68 ,广东省,668,茂名市,440902,茂南区,体育休闲服务;度假疗养场所;疗养院,,,
B0FFGLRW38,南沙区养老院,黄阁镇麒麟中学旁,113.50 ,22.81 ,广东省,20,广州市,440115,南沙区,体育休闲服务;度假疗养场所;疗养院,,,
B0FFGAIPBM,弘儒敬老院,星光厂宿舍院内3号楼,113.09 ,23.00 ,广东省,757,佛山市,440604,禅城区,体育休闲服务;度假疗养场所;疗养院,3.5,,
B00141R5VH,金晖养老院,金沙洲横沙大街145号,113.21 ,23.16 ,广东省,20,广州市,440111,白云区,体育休闲服务;度假疗养场所;疗养院,3.5,,
B03017WLHO,东莞市东城敬老院(禾仓岭二街),岗贝旗峰路岗贝禾苍岭二街2号,113.76 ,23.03 ,广东省,769,东莞市,441900,东莞市,体育休闲服务;度假疗养场所;疗养院,,,
B0FFJ0H440,河东镇敬老院,河东卫生院,115.78 ,23.92 ,广东省,753,梅州市,441424,五华县,体育休闲服务;度假疗养场所;疗养院,,,
B02EE01J6A,棠下敬老院,棠下镇中心市场二楼宏图文化城,113.03 ,22.68 ,广东省,750,江门市,440703,蓬江区,体育休闲服务;度假疗养场所;疗养院,,,
B0FFIMAFVK,深圳养老院,龙苑路38附近,113.98 ,22.56 ,广东省,755,深圳市,440305,南山区,体育休闲服务;度假疗养场所;疗养院,,,
B0FFITQT4C,湖西乡老人院,324国道南200米,116.31 ,23.27 ,广东省,754,汕头市,440514,潮南区,体育休闲服务;体育休闲服务场所;体育休闲服务场所,,,
B0FFGY9KE0,逸馨养老院,湖西二路32号,112.46 ,23.02 ,广东省,758,肇庆市,441204,高要区,体育休闲服务;度假疗养场所;疗养院,,,
B0FFICI6Z1,深圳市社会福利中心老人颐养院,观光路,114.03 ,22.73 ,广东省,755,深圳市,440309,龙华区,体育休闲服务;度假疗养场所;疗养院,,,
B00141RCFP,松鹤养老院(沙园路),沙园路1号,113.27 ,23.09 ,广东省,20,广州市,440105,海珠区,体育休闲服务;度假疗养场所;疗养院,3.5,,
B02F37TQB0,西乡敬老院,西乡街道铁岗水库路118号,113.89 ,22.60 ,广东省,755,深圳市,440306,宝安区,体育休闲服务;度假疗养场所;疗养院,3.5,,
B0FFHIMKA7,西樵福利中心老人院,西樵镇朝新路8号,112.98 ,22.94 ,广东省,757,佛山市,440605,南海区,体育休闲服务;体育休闲服务场所;体育休闲服务场所,,,
B0FFGJ06JS,良典养老院,横滘大道与西槎路交叉口西100米,113.24 ,23.17 ,广东省,20,广州市,440111,白云区,体育休闲服务;度假疗养场所;疗养院,3.5,,
B0FFHQ0MF8,上海村老人院(西北门),大道六十九巷3附近,113.18 ,23.02 ,广东省,757,佛山市,440605,南海区,通行设施;临街院门;临街院门,,,
BV10989567,敬老院(公交站),雷州1路,110.10 ,20.90 ,广东省,759,湛江市,440882,雷州市,交通设施服务;公交车站;公交车站相关,,,
BV10425039,敬老院(公交站),623路,113.64 ,23.05 ,广东省,769,东莞市,441900,东莞市,交通设施服务;公交车站;公交车站相关,,,
B0FFHH6E97,金慈养老院,长生水街123号,113.73 ,23.00 ,广东省,769,东莞市,441900,东莞市,体育休闲服务;度假疗养场所;疗养院,,,
B0FFH7ZKMK,上寮村老人院活动中心,大学路与福宁路交叉口北100米,116.14 ,23.30 ,广东省,663,揭阳市,445281,普宁市,体育休闲服务;体育休闲服务场所;体育休闲服务场所,,,
B0FFGAK4ST,馨怡养老院,红旗北路大园路北7栋,110.90 ,21.68 ,广东省,668,茂名市,440902,茂南区,体育休闲服务;度假疗养场所;疗养院,5,,
B0FFG9TFB6,慈爱养老院,惠民大道新光路段,114.45 ,23.16 ,广东省,752,惠州市,441302,惠城区,体育休闲服务;度假疗养场所;疗养院,5,,
B0FFGJ7O29,颐和养老院,会城潮兴路43号,113.04 ,22.54 ,广东省,750,江门市,440705,新会区,体育休闲服务;度假疗养场所;疗养院,,,
B02F10QX3V,爱馨养老院,金山街道邮政侧,116.10 ,24.32 ,广东省,753,梅州市,441402,梅江区,体育休闲服务;度假疗养场所;疗养院,5,,
B00141JGSD,广州市颐寿养老院,丛桂路丛桂新街50号,113.24 ,23.11 ,广东省,20,广州市,440103,荔湾区,体育休闲服务;度假疗养场所;疗养院,3,,
B0FFK6GXFX,鸿威养老院,吉祥东路与永安路交叉口西100米,111.97 ,21.85 ,广东省,662,阳江市,441702,江城区,体育休闲服务;度假疗养场所;疗养院,,,
B02FA01NMC,黄塘敬老院,242省道北50米,114.98 ,23.69 ,广东省,762,河源市,441621,紫金县,体育休闲服务;度假疗养场所;疗养院,,,
B02FA01MS3,黄村敬老院,155县道东50米,115.22 ,23.85 ,广东省,762,河源市,441625,东源县,体育休闲服务;度假疗养场所;疗养院,,,
B02F20OOKO,永安敬老院,永安永津街与长平东路交叉口东北50米,116.77 ,23.36 ,广东省,754,汕头市,440507,龙湖区,体育休闲服务;度假疗养场所;疗养院,,,
B0FFKFHWQP,石龙敬老院,东风路与福寿街交叉口东北100米,113.86 ,23.11 ,广东省,769,东莞市,441900,东莞市,体育休闲服务;度假疗养场所;疗养院,,,
B0FFHE63X7,洲村敬老院,拱北大街36,113.20 ,23.18 ,广东省,757,佛山市,440605,南海区,体育休闲服务;度假疗养场所;疗养院,,,
BV10911286,龙口养老院(公交站),鹤山551路,112.86 ,22.80 ,广东省,750,江门市,440784,鹤山市,交通设施服务;公交车站;公交车站相关,,,
B0FFF9QK69,大石镇敬老院,石南路45号,113.30 ,23.01 ,广东省,20,广州市,440113,番禺区,体育休闲服务;度假疗养场所;疗养院,3.5,,
B0FFFL2Q0N,乌石敬老院,242省道西侧,115.20 ,23.62 ,广东省,762,河源市,441621,紫金县,体育休闲服务;度假疗养场所;疗养院,,,
B03017UO2G,大朗敬老院,升平北路283号,113.94 ,22.93 ,广东省,769,东莞市,441900,东莞市,体育休闲服务;度假疗养场所;疗养院,,,
B0FFJDEAGE,谢村敬老院,沙田园三路与沙田园四街交叉口东北150米,112.71 ,23.35 ,广东省,758,肇庆市,441284,四会市,体育休闲服务;度假疗养场所;疗养院,,,
B0FFHTU7UI,四九敬老院,四九桥与环市路交叉口西南50米,112.86 ,22.22 ,广东省,750,江门市,440781,台山市,体育休闲服务;度假疗养场所;疗养院,,,
B0FFHO1X0L,冈东村敬老院,庙前大街西50米冈东粤剧社附近,113.18 ,22.61 ,广东省,760,中山市,442000,中山市,体育休闲服务;度假疗养场所;疗养院,,,
B0FFHLRL9F,港口镇敬老院,港口镇兴港中路50号,113.39 ,22.59 ,广东省,760,中山市,442000,中山市,体育休闲服务;度假疗养场所;疗养院,,,
B0FFH6YFEV,和顺敬老院,里水镇和顺管理区沿江路27号,113.13 ,23.25 ,广东省,757,佛山市,440605,南海区,体育休闲服务;度假疗养场所;疗养院,,,
B0FFH403AQ,麻涌镇敬老院,淡趣基路麻四村,113.57 ,23.05 ,广东省,769,东莞市,441900,东莞市,体育休闲服务;度假疗养场所;疗养院,,,
B0FFH17ANN,华洲敬老院,瀛洲路29号附近,113.36 ,23.06 ,广东省,20,广州市,440105,海珠区,体育休闲服务;度假疗养场所;疗养院,,,
B0FFGL1VB9,潼侨镇敬老院,潼侨镇,114.30 ,23.04 ,广东省,752,惠州市,441302,惠城区,体育休闲服务;度假疗养场所;疗养院,,,
B0FFGB9AVN,东华敬老院,建设路,113.62 ,23.11 ,广东省,20,广州市,440118,增城区,体育休闲服务;度假疗养场所;疗养院,,,
B0FFF4FMQ1,程江敬老院,区程江镇长深高速公路程江附近,116.05 ,24.29 ,广东省,753,梅州市,441403,梅县区,体育休闲服务;度假疗养场所;疗养院,,,
B0FFII5EMZ,白塔镇敬老院,775乡道西100米,116.21 ,23.57 ,广东省,663,揭阳市,445203,揭东区,体育休闲服务;度假疗养场所;疗养院,,,
B0FFG4J4NA,马坝镇敬老院,马坝镇106国道北100米,113.63 ,24.66 ,广东省,751,韶关市,440205,曲江区,体育休闲服务;度假疗养场所;疗养院,,,
B0FFG0PCI5,东升敬老院,同乐路与悦胜东路交叉口西北50米,113.29 ,22.62 ,广东省,760,中山市,442000,中山市,体育休闲服务;度假疗养场所;疗养院,,,
B02FB02NBQ,石角敬老院,114省道西50米,113.00 ,23.51 ,广东省,763,清远市,441802,清城区,体育休闲服务;度假疗养场所;疗养院,,,
B0FFFL2F8T,胪岗镇敬老院,南洋路北200米,116.46 ,23.22 ,广东省,754,汕头市,440514,潮南区,体育休闲服务;度假疗养场所;疗养院,,,
B0FFFAIDDG,沙湾敬老院,,113.33 ,22.90 ,广东省,20,广州市,440113,番禺区,体育休闲服务;度假疗养场所;疗养院,,,
B0FFFAHPZY,永宁街敬老院,永宁大道35号,113.60 ,23.18 ,广东省,20,广州市,440118,增城区,体育休闲服务;度假疗养场所;疗养院,,,
B02FE00V3Y,天堂敬老院,解放南路59号,112.01 ,22.56 ,广东省,766,云浮市,445321,新兴县,体育休闲服务;度假疗养场所;疗养院,,,
B0FFF4F29V,杨侨镇敬老院,杨侨镇,114.51 ,23.43 ,广东省,752,惠州市,441322,博罗县,体育休闲服务;度假疗养场所;疗养院,,,
B03018M3ZI,谢岗镇敬老院,电网公司东莞谢岗供电分局,114.14 ,22.95 ,广东省,769,东莞市,441900,东莞市,体育休闲服务;度假疗养场所;疗养院,,,
B02F80P8BS,冈南敬老院,中心路与祠前里东街十九巷交叉口东南150米,113.18 ,22.61 ,广东省,760,中山市,442000,中山市,体育休闲服务;度假疗养场所;疗养院,,,
B03018J4B4,凤岗镇敬老院,凤岗镇凤岗华侨医院,114.13 ,22.74 ,广东省,769,东莞市,441900,东莞市,体育休闲服务;度假疗养场所;疗养院,,,
B03017WCNR,高埗镇敬老院,沿江北路13号附近,113.72 ,23.08 ,广东省,769,东莞市,441900,东莞市,体育休闲服务;度假疗养场所;疗养院,,,
B02FE00U1E,托洞敬老院,荣发石材附近,111.93 ,22.73 ,广东省,766,云浮市,445303,云安区,体育休闲服务;度假疗养场所;疗养院,,,
B02FE00TUM,车岗敬老院,298乡道北50米,112.23 ,22.78 ,广东省,766,云浮市,445321,新兴县,体育休闲服务;度假疗养场所;疗养院,,,
B02FE00TEO,宋桂敬老院,宋桂镇石子排,111.76 ,22.91 ,广东省,766,云浮市,445322,郁南县,体育休闲服务;度假疗养场所;疗养院,,,
B02FB023NG,英红敬老院,侨兴一路与皇朝大道交叉口东北100米,113.42 ,24.30 ,广东省,763,清远市,441881,英德市,体育休闲服务;度假疗养场所;疗养院,2.9,,
B0FFH018KS,小塘敬老院,长安路与三环西路交叉口小区内,112.98 ,23.09 ,广东省,757,佛山市,440605,南海区,体育休闲服务;度假疗养场所;疗养院,,,
B0FFGP1YBI,狮岭镇敬老院,振兴路与西瓜岭十一巷交叉口东北150米,113.16 ,23.46 ,广东省,20,广州市,440114,花都区,体育休闲服务;度假疗养场所;疗养院,,,
B030100UDT,万江区敬老院,万江街道汾溪路126号,113.71 ,23.06 ,广东省,769,东莞市,441900,东莞市,体育休闲服务;度假疗养场所;疗养院,3.2,,
B02F503JY2,金本敬老院,金本工业大道56号,112.82 ,23.09 ,广东省,757,佛山市,440607,三水区,体育休闲服务;度假疗养场所;疗养院,,,
B02F505ZYI,盐步敬老院,大沥镇盐步环镇北路43号,113.18 ,23.09 ,广东省,757,佛山市,440605,南海区,体育休闲服务;度假疗养场所;疗养院,3.5,,
B0FFHJ96HE,颐和家园养老院,招商街道光大路四海社区,113.93 ,22.50 ,广东省,755,深圳市,440305,南山区,体育休闲服务;度假疗养场所;疗养院,,,
B02F309RDU,大鹏敬老院,大鹏新区大鹏街道人民路2号,114.49 ,22.60 ,广东省,755,深圳市,440307,龙岗区,体育休闲服务;度假疗养场所;疗养院,,,
B0FFHEPQQI,东坑敬老院,草塘路附近,113.94 ,22.99 ,广东省,769,东莞市,441900,东莞市,体育休闲服务;度假疗养场所;疗养院,,,
B02FB0213A,三坑镇敬老院,009乡道西50米,112.80 ,23.60 ,广东省,763,清远市,441803,清新区,体育休闲服务;度假疗养场所;疗养院,,,
B02FA01QL6,埔前镇敬老院,埔前镇莲塘岭,114.61 ,23.56 ,广东省,762,河源市,441602,源城区,体育休闲服务;度假疗养场所;疗养院,,,
B02F503O3A,芦苞敬老院,芦苞镇成功路64号,112.90 ,23.35 ,广东省,757,佛山市,440607,三水区,体育休闲服务;度假疗养场所;疗养院,,,
B02F00PXBY,陈江敬老院,陈江镇社溪村,114.28 ,23.06 ,广东省,752,惠州市,441302,惠城区,体育休闲服务;度假疗养场所;疗养院,,,
B0301029YV,中堂敬老院,中堂镇,113.64 ,23.09 ,广东省,769,东莞市,441900,东莞市,体育休闲服务;度假疗养场所;疗养院,,,
B02F80OQCZ,阜沙镇敬老院,上南村,113.36 ,22.64 ,广东省,760,中山市,442000,中山市,体育休闲服务;度假疗养场所;疗养院,,,
B02F700REL,良垌镇敬老院,207国道207国道路口附近,110.41 ,21.51 ,广东省,759,湛江市,440881,廉江市,体育休闲服务;度假疗养场所;疗养院,,,
B02F60OTNX,宾亨镇敬老院,宾亨镇435县道东50米,112.43 ,23.46 ,广东省,758,肇庆市,441223,广宁县,体育休闲服务;度假疗养场所;疗养院,,,
B02F50XLHM,华远村敬老院,华远村东区铁岗路8,113.12 ,23.01 ,广东省,757,佛山市,440604,禅城区,体育休闲服务;度假疗养场所;疗养院,,,
B02F507NP0,石湾敬老院,石湾榴苑四街6号,113.09 ,23.01 ,广东省,757,佛山市,440604,禅城区,体育休闲服务;度假疗养场所;疗养院,3.5,,
B02F002NWA,秋长敬老院,秋长镇人民一路,114.39 ,22.83 ,广东省,752,惠州市,441303,惠阳区,体育休闲服务;度假疗养场所;疗养院,,,
B02F401AE1,白蕉敬老院,白蕉路东100米,113.33 ,22.22 ,广东省,756,珠海市,440403,斗门区,体育休闲服务;度假疗养场所;疗养院,,,
B0FFFPSXPP,茶山敬老院,茶山镇健康路15号,113.87 ,23.06 ,广东省,769,东莞市,441900,东莞市,体育休闲服务;度假疗养场所;疗养院,2.2,,
B0FFFDNBDI,春城敬老院,东湖绿道与阳春大道交叉口东400米,111.81 ,22.17 ,广东省,662,阳江市,441781,阳春市,体育休闲服务;度假疗养场所;疗养院,3,,
B02F503P7D,明城敬老院,明八路501,112.69 ,22.85 ,广东省,757,佛山市,440608,高明区,体育休闲服务;度假疗养场所;疗养院,,,
B030102O9G,常平镇敬老院,常平镇,114.00 ,22.98 ,广东省,769,东莞市,441900,东莞市,体育休闲服务;度假疗养场所;疗养院,,,
B03010215V,桥头敬老院(工业路),桥头镇工业路桥头中学附近的,114.10 ,23.01 ,广东省,769,东莞市,441900,东莞市,体育休闲服务;度假疗养场所;疗养院,,,
B0FFHLQIV3,坦洲敬老院,坦洲镇德秀路10号,113.46 ,22.27 ,广东省,760,中山市,442000,中山市,体育休闲服务;度假疗养场所;疗养院,,,
B0FFH37BNK,背敬老院,东城街道清塘大道新田园市场,112.71 ,23.35 ,广东省,758,肇庆市,441284,四会市,体育休闲服务;度假疗养场所;疗养院,,,
B02F503EWQ,桂城敬老院,桂城海三路19号,113.14 ,23.05 ,广东省,757,佛山市,440605,南海区,体育休闲服务;度假疗养场所;疗养院,,,
B02FA0OIXW,绣缎敬老院,红塔路109号,114.86 ,24.26 ,广东省,762,河源市,441623,连平县,体育休闲服务;度假疗养场所;疗养院,,,
B0FFFYPTGA,古四敬老院,邓林大街25号,113.18 ,22.61 ,广东省,760,中山市,442000,中山市,体育休闲服务;度假疗养场所;疗养院,,,
B02F5019AQ,杏坛镇敬老院,杏坛镇商业大道57号,113.16 ,22.78 ,广东省,757,佛山市,440606,顺德区,体育休闲服务;度假疗养场所;疗养院,,,
B0FFJ0FEMX,雷公塘敬老院,白石市场,114.38 ,22.77 ,广东省,752,惠州市,441303,惠阳区,体育休闲服务;度假疗养场所;疗养院,,,
B02F38IYQS,沙井敬老院,沙井镇沙坣三路,113.81 ,22.73 ,广东省,755,深圳市,440306,宝安区,体育休闲服务;度假疗养场所;疗养院,,,
B02EE01LZP,苍城敬老院,976乡道西50米,112.57 ,22.47 ,广东省,750,江门市,440783,开平市,体育休闲服务;度假疗养场所;疗养院,,,
B02EF0I229,董塘敬老院,246省道北100米,113.66 ,25.08 ,广东省,751,韶关市,440224,仁化县,体育休闲服务;度假疗养场所;疗养院,,,
B02F401BV7,斗门镇敬老院,582县道91附近,113.20 ,22.23 ,广东省,756,珠海市,440403,斗门区,体育休闲服务;度假疗养场所;疗养院,,,
B02FB01ZEQ,石角镇敬老院,106国道与302乡道交叉口西北100米,113.52 ,23.85 ,广东省,763,清远市,441821,佛冈县,体育休闲服务;度假疗养场所;疗养院,,,
B02FA0OXFF,义合敬老院,义合镇政府附近,114.87 ,23.84 ,广东省,762,河源市,441625,东源县,体育休闲服务;度假疗养场所;疗养院,,,
B030101UQJ,东莞市厚街敬老院,涌口濂泉路1号,113.65 ,22.92 ,广东省,769,东莞市,441900,东莞市,体育休闲服务;度假疗养场所;疗养院,3.8,,
B0FFFEOVDW,大沥敬老院(环镇路),大沥镇兴隆大街82号之六(大沥原旧医院),113.12 ,23.12 ,广东省,757,佛山市,440605,南海区,体育休闲服务;度假疗养场所;疗养院,3.5,,
B02F00PS7X,平海镇敬老院,213县道东50米,114.87 ,22.63 ,广东省,752,惠州市,441323,惠东县,体育休闲服务;度假疗养场所;疗养院,,,
B02EF01630,新江敬老院,新江镇西锦建设北路新江中学北500米,113.83 ,24.46 ,广东省,751,韶关市,440229,翁源县,体育休闲服务;度假疗养场所;疗养院,,,
B02EE0PSEG,水步敬老院,水步镇中和街112号,112.80 ,22.34 ,广东省,750,江门市,440781,台山市,体育休闲服务;度假疗养场所;疗养院,,,
B0FFGZDTCZ,青山敬老院,122乡道北100米附近,113.01 ,23.63 ,广东省,763,清远市,441802,清城区,体育休闲服务;度假疗养场所;疗养院,,,
B030100M91,樟木头敬老院,樟木头镇吉祥北路38号,114.07 ,22.90 ,广东省,769,东莞市,441900,东莞市,体育休闲服务;度假疗养场所;疗养院,3,,
B0FFHQL8RL,晖敬老院,光明街国华中心朝2层,113.57 ,22.27 ,广东省,756,珠海市,440402,香洲区,体育休闲服务;度假疗养场所;疗养院,,,
B02F5061IQ,张槎镇敬老院,张槎街道张槎二路55号,113.07 ,23.03 ,广东省,757,佛山市,440604,禅城区,体育休闲服务;度假疗养场所;疗养院,,,
B02F0029DU,小金口敬老院,金朗街57号,114.41 ,23.19 ,广东省,752,惠州市,441302,惠城区,体育休闲服务;度假疗养场所;疗养院,,,
B02F80Q443,古一敬老院,古镇镇古一津边大街大街塘路8号,113.18 ,22.62 ,广东省,760,中山市,442000,中山市,体育休闲服务;度假疗养场所;疗养院,,,
B02F70O2F3,调塾敬老院,湖光快线与143乡道交叉口南200米,110.31 ,21.22 ,广东省,759,湛江市,440811,麻章区,体育休闲服务;度假疗养场所;疗养院,,,
B02F70O203,笃豪敬老院,笃头仔附近,110.31 ,21.24 ,广东省,759,湛江市,440811,麻章区,体育休闲服务;度假疗养场所;疗养院,,,
B02EF15KR0,大塘镇敬老院,大塘镇教育路韶关大塘客运站北50米,113.71 ,24.77 ,广东省,751,韶关市,440205,曲江区,体育休闲服务;度假疗养场所;疗养院,,,
B02EF0I3PS,西联敬老院,314县道东50米,113.54 ,24.76 ,广东省,751,韶关市,440203,武江区,体育休闲服务;度假疗养场所;疗养院,,,
B02F60OTOB,大旺敬老院,怡兴小区十七座1,112.81 ,23.31 ,广东省,758,肇庆市,441284,四会市,体育休闲服务;度假疗养场所;疗养院,,,
B02F701PT9,建新镇敬老院,687县道西50米,110.19 ,21.14 ,广东省,759,湛江市,440823,遂溪县,体育休闲服务;度假疗养场所;疗养院,,,
B02F20NUAH,棉城敬老院,北关路57号,116.60 ,23.27 ,广东省,754,汕头市,440513,潮阳区,体育休闲服务;度假疗养场所;疗养院,3.5,,
B00141IMMY,广州市荔湾区西塱敬老院,东漖街道西朗民心路8号江夏村15号101,113.23 ,23.06 ,广东省,20,广州市,440103,荔湾区,体育休闲服务;度假疗养场所;疗养院,3.5,,
B029C0P8T5,东镇镇敬老院,370省道南50米,110.96 ,22.35 ,广东省,668,茂名市,440983,信宜市,体育休闲服务;度假疗养场所;疗养院,,,
B02EF01636,江尾敬老院,201乡道与349县道交叉口北150米,114.12 ,24.44 ,广东省,751,韶关市,440229,翁源县,体育休闲服务;度假疗养场所;疗养院,,,
B02970NLOP,占陇敬老院,文德路与育新路交叉口北100米,116.27 ,23.29 ,广东省,663,揭阳市,445281,普宁市,体育休闲服务;度假疗养场所;疗养院,,,
B00140W428,派潭敬老院,派潭镇洪田小区,113.78 ,23.49 ,广东省,20,广州市,440118,增城区,体育休闲服务;度假疗养场所;疗养院,2.9,,
B02EE01PHS,深井镇敬老院,中兴路东150米,112.51 ,21.98 ,广东省,750,江门市,440781,台山市,体育休闲服务;度假疗养场所;疗养院,,,
B02EE01P7X,赤水镇敬老院,367省道北100米,112.58 ,22.14 ,广东省,750,江门市,440783,开平市,体育休闲服务;度假疗养场所;疗养院,,,
B029600WJX,马水敬老院,113省道南50米,111.68 ,22.11 ,广东省,662,阳江市,441781,阳春市,体育休闲服务;度假疗养场所;疗养院,3,,
B00141Y68Q,安怡敬老院,东沙大道金宇花园紫翠二街25号,113.25 ,23.06 ,广东省,20,广州市,440103,荔湾区,体育休闲服务;度假疗养场所;疗养院,,,
B00141TL2F,仑头敬老院,仑头环村南路与启明坊外街交叉口西150米,113.38 ,23.08 ,广东省,20,广州市,440105,海珠区,体育休闲服务;度假疗养场所;疗养院,5,,
B0FFIVJLSJ,龙江敬老院,龙江镇人民南路海傍街9号,113.08 ,22.89 ,广东省,757,佛山市,440606,顺德区,体育休闲服务;度假疗养场所;疗养院,,,
B0297012SP,普宁市流沙敬老院,环城南路新东城酒店西南150米,116.19 ,23.29 ,广东省,663,揭阳市,445281,普宁市,体育休闲服务;度假疗养场所;疗养院,,,
B029C023UX,镇盛镇敬老院,624县道附近,110.86 ,21.63 ,广东省,668,茂名市,440902,茂南区,体育休闲服务;度假疗养场所;疗养院,,,
B02FE0NCHD,洞口敬老院,269乡道东50米,112.25 ,22.73 ,广东省,766,云浮市,445321,新兴县,体育休闲服务;度假疗养场所;疗养院,,,
B0FFH2JL1V,容桂敬老院,花桥大街10号,113.29 ,22.77 ,广东省,757,佛山市,440606,顺德区,体育休闲服务;度假疗养场所;疗养院,3,,
B00140676B,龙潭敬老院,广韶路与龙潭大道交叉口东(官庄桥东400米),113.42 ,23.68 ,广东省,20,广州市,440117,从化区,体育休闲服务;度假疗养场所;疗养院,3.5,,
B02F701RAA,迈陈敬老院,310乡道与376省道交叉口东南200米,110.00 ,20.33 ,广东省,759,湛江市,440825,徐闻县,体育休闲服务;度假疗养场所;疗养院,,,
B029700ZFJ,埔田镇敬老院,727乡道西50米,116.39 ,23.62 ,广东省,663,揭阳市,445203,揭东区,体育休闲服务;度假疗养场所;疗养院,,,
B00140129F,赤坭敬老院,赤坭镇长寿路85号,113.08 ,23.39 ,广东省,20,广州市,440114,花都区,体育休闲服务;度假疗养场所;疗养院,3.2,,
B02F60OTHN,怀城敬老院,马岭头路与602乡道交叉口南100米,112.19 ,23.92 ,广东省,758,肇庆市,441224,怀集县,体育休闲服务;度假疗养场所;疗养院,,,
B02F002JW7,新圩敬老院(新建三街),新建一街与新建三街交叉口东南100米,114.34 ,22.86 ,广东省,752,惠州市,441303,惠阳区,体育休闲服务;度假疗养场所;疗养院,,,
B030100TMW,石龙镇敬老院,石龙镇福寿街5号,113.86 ,23.11 ,广东省,769,东莞市,441900,东莞市,体育休闲服务;度假疗养场所;疗养院,,,
B00141K5KA,福和敬老院,中新镇福和心岭前路15号,113.65 ,23.35 ,广东省,20,广州市,440118,增城区,体育休闲服务;度假疗养场所;疗养院,3.2,,
B02F600EC1,黄岗镇敬老院(城市阳光花园南),黄岗街道沙湖村委会带村新区北一巷3号(济康诊所),112.51 ,23.07 ,广东省,758,肇庆市,441202,端州区,体育休闲服务;度假疗养场所;疗养院,5,,
B02F002EMN,淡水镇敬老院,翠竹路16,114.46 ,22.80 ,广东省,752,惠州市,441303,惠阳区,体育休闲服务;度假疗养场所;疗养院,,,
B02F001O6O,石湾镇敬老院,光裕路红卫街路口附近,113.87 ,23.12 ,广东省,752,惠州市,441322,博罗县,体育休闲服务;度假疗养场所;疗养院,,,
B02F70O1MO,麻章镇敬老院,民乐西街73号,110.32 ,21.26 ,广东省,759,湛江市,440811,麻章区,体育休闲服务;度假疗养场所;疗养院,,,
B00140W393,三江敬老院,爱卫路13号,113.86 ,23.18 ,广东省,20,广州市,440118,增城区,体育休闲服务;度假疗养场所;疗养院,2.9,,
B00140VAVM,黄阁敬老院,黄阁镇莲溪村丹桂路5号,113.50 ,22.83 ,广东省,20,广州市,440115,南沙区,体育休闲服务;度假疗养场所;疗养院,3,,
B02F30A3L3,龙华新区敬老院,爱民路与龙观路交叉口西100米,114.01 ,22.66 ,广东省,755,深圳市,440309,龙华区,体育休闲服务;度假疗养场所;疗养院,,,
B00140UG2V,潭洲镇敬老院,潭洲镇,113.40 ,22.78 ,广东省,20,广州市,440115,南沙区,体育休闲服务;度假疗养场所;疗养院,3,,
B02FE00V0G,太平敬老院,280省道西50米,111.50 ,22.51 ,广东省,766,云浮市,445381,罗定市,体育休闲服务;度假疗养场所;疗养院,,,
B00140HTOT,南沙街敬老院,环市大道西79号,113.57 ,22.75 ,广东省,20,广州市,440115,南沙区,体育休闲服务;度假疗养场所;疗养院,3.5,,
B00140W8Q4,同和敬老院,同和白山东路30号,113.33 ,23.20 ,广东省,20,广州市,440111,白云区,体育休闲服务;度假疗养场所;疗养院,3.5,,
B0FFHCUCBM,长熹养老院,冼太大道终端西侧大地汽车城旁,110.83 ,21.91 ,广东省,668,茂名市,440981,高州市,体育休闲服务;度假疗养场所;疗养院,,,
B0FFHKGG82,韶关市浈江区松鹤老人颐养院,十里亭镇五里亭聆韶路四横巷3号,113.59 ,24.83 ,广东省,751,韶关市,440204,浈江区,体育休闲服务;度假疗养场所;疗养院,,,
B029600YL1,沙扒敬老院,282省道南150米,111.48 ,21.52 ,广东省,662,阳江市,441721,阳西县,体育休闲服务;度假疗养场所;疗养院,5,,
B0FFFYFMVY,长春苑养老院,红旗中路18号建材大院,110.90 ,21.67 ,广东省,668,茂名市,440902,茂南区,体育休闲服务;度假疗养场所;疗养院,3,,
B00140FKBL,广州市芳村区英明老人疗养院(涌岸街),花地街道芳村东漖北路涌岸街38号,113.23 ,23.10 ,广东省,20,广州市,440103,荔湾区,体育休闲服务;度假疗养场所;疗养院,3,,
B00140HM32,江高镇敬老院,江高镇交通后街一巷,113.22 ,23.27 ,广东省,20,广州市,440111,白云区,体育休闲服务;度假疗养场所;疗养院,,,
B00140VALZ,炭步镇敬老院,桥南路11号,113.10 ,23.34 ,广东省,20,广州市,440114,花都区,体育休闲服务;度假疗养场所;疗养院,3.2,,
B001409637,石碁敬老院,石基镇岐山中路2号,113.44 ,22.95 ,广东省,20,广州市,440113,番禺区,体育休闲服务;度假疗养场所;疗养院,,,
B00140UEUB,荔城敬老院,东桥东路北150米,113.86 ,23.28 ,广东省,20,广州市,440118,增城区,体育休闲服务;度假疗养场所;疗养院,3.5,,
B02FE00TYB,罗定市素龙敬老院,素龙镇桃李路320号,111.60 ,22.73 ,广东省,766,云浮市,445381,罗定市,体育休闲服务;度假疗养场所;疗养院,,,
B02F602D2A,敬老院(蚬岗壹西北),326乡道西200米,112.67 ,23.05 ,广东省,758,肇庆市,441204,高要区,体育休闲服务;度假疗养场所;疗养院,,,
B02EE01XJU,敬老院(红花路),大兴东路与大兴西路交叉口西北50米,112.76 ,22.45 ,广东省,750,江门市,440783,开平市,体育休闲服务;度假疗养场所;疗养院,,,
B029600WOB,潭水敬老院,S113潭水镇第二小学西南,111.60 ,22.04 ,广东省,662,阳江市,441781,阳春市,体育休闲服务;度假疗养场所;疗养院,3,,
B00140W3JU,花东敬老院(北兴医院西北),花东镇北兴街26号,113.42 ,23.43 ,广东省,20,广州市,440114,花都区,体育休闲服务;度假疗养场所;疗养院,,,
B029C02SBH,茂名市福林养老院,茂石化工程北院15栋,110.90 ,21.67 ,广东省,668,茂名市,440902,茂南区,体育休闲服务;度假疗养场所;疗养院,3,,
B0FFHGL5QC,惠东县平山敬老院,红莲路与马朝路交叉口北100米,114.73 ,22.99 ,广东省,752,惠州市,441323,惠东县,体育休闲服务;度假疗养场所;疗养院,,,
B0FFK7RF80,汕尾市康复养老院,242省道东50米,115.37 ,22.83 ,广东省,660,汕尾市,441502,城区,体育休闲服务;度假疗养场所;疗养院,,,
B0FFHQ0CYC,阳江康泰养老院,东城镇广湛公路第二工业区52号,112.02 ,21.89 ,广东省,662,阳江市,441704,阳东区,体育休闲服务;度假疗养场所;疗养院,,,
B0FFFPDNPF,平湖敬老院,上大街96号,114.13 ,22.69 ,广东省,755,深圳市,440307,龙岗区,政府机构及社会团体;政府及社会团体相关;政府及社会团体相关,2.1,,
B02F20NUJ1,上华敬老院,上都路与中心大道交叉口东100米,116.72 ,23.53 ,广东省,754,汕头市,440515,澄海区,体育休闲服务;度假疗养场所;疗养院,3.2,,
B0FFG4H1GO,稔村敬老院,274省道与534县道交叉口西北100米,112.37 ,22.65 ,广东省,766,云浮市,445321,新兴县,体育休闲服务;度假疗养场所;疗养院,,,
B0FFFTBUPC,桃子园养老院,桃子园2号,114.42 ,23.09 ,广东省,752,惠州市,441302,惠城区,体育休闲服务;度假疗养场所;疗养院,,,
B02940MOUI,陆河县河田镇敬老院,河东朝阳路河田镇老年人活动中心,115.68 ,23.30 ,广东省,660,汕尾市,441523,陆河县,体育休闲服务;度假疗养场所;疗养院,,,
B0FFI71T9B,宋城养老院,城中路193号,112.46 ,23.05 ,广东省,758,肇庆市,441202,端州区,体育休闲服务;度假疗养场所;疗养院,,,
B0FFG8396Q,梅江区润通养老院,五洲城古洲一路,116.11 ,24.32 ,广东省,753,梅州市,441402,梅江区,体育休闲服务;度假疗养场所;疗养院,,,
B0FFFU5720,金平区乌桥街道养老院,三马路32号附近,116.67 ,23.36 ,广东省,754,汕头市,440511,金平区,体育休闲服务;度假疗养场所;疗养院,,,
B02F701PZB,太平敬老院(中共太平镇纪律检查委员会西北),六坑小学附近,110.17 ,21.06 ,广东省,759,湛江市,440811,麻章区,体育休闲服务;度假疗养场所;疗养院,,,
B02FB0P1FK,清新县太和镇敬老院,太和镇飞水街南50米,113.00 ,23.70 ,广东省,763,清远市,441803,清新区,体育休闲服务;度假疗养场所;疗养院,,,
B0FFIAYTCP,井岸敬老院,井岸镇尖峰前路379号,113.30 ,22.19 ,广东省,756,珠海市,440403,斗门区,体育休闲服务;度假疗养场所;疗养院,,,
B0FFG8YZ4C,乐城街道敬老院,公主下路附近,113.35 ,25.12 ,广东省,751,韶关市,440281,乐昌市,体育休闲服务;度假疗养场所;疗养院,,,
B0FFHNZFTL,中山市小榄镇敬老院,小榄镇新市社区无佞后街9号,113.24 ,22.67 ,广东省,760,中山市,442000,中山市,体育休闲服务;度假疗养场所;疗养院,,,
B0FFHJORRP,新会温謦养老院,西门路20号,113.03 ,22.52 ,广东省,750,江门市,440705,新会区,体育休闲服务;度假疗养场所;疗养院,,,
B02FA01QA6,龙川县老隆镇敬老院,老隆镇虾公岭38号,115.26 ,24.09 ,广东省,762,河源市,441622,龙川县,体育休闲服务;度假疗养场所;疗养院,,,
B02F60OTNJ,四会市东城敬老院,538乡道东50米,112.71 ,23.35 ,广东省,758,肇庆市,441284,四会市,体育休闲服务;度假疗养场所;疗养院,,,
B0FFIAOHVJ,黄埔区老人院颐寿楼,港湾西四街西50米,113.44 ,23.11 ,广东省,20,广州市,440112,黄埔区,体育休闲服务;体育休闲服务场所;体育休闲服务场所,,,
B00141U4UV,珠江街老人院,珠江北路260号,113.54 ,22.71 ,广东省,20,广州市,440115,南沙区,体育休闲服务;体育休闲服务场所;体育休闲服务场所,,,
B0FFGBY9I9,康泰养老院(装修中),广州大道北同沙路32号,113.33 ,23.20 ,广东省,20,广州市,440111,白云区,体育休闲服务;度假疗养场所;疗养院,,,
B00141JLEG,颐和养老院(花博大道),兴中道7号,113.20 ,23.06 ,广东省,20,广州市,440103,荔湾区,体育休闲服务;度假疗养场所;疗养院,2.9,,
B00140PC0I,慈爱养老院(洲咀大街),滨江西路洲咀大街13号大院,113.25 ,23.10 ,广东省,20,广州市,440105,海珠区,体育休闲服务;度假疗养场所;疗养院,3,,
B0FFIY7JJU,东漖颐和养老院,龙溪大道花卉博览园迎宾大道,113.21 ,23.07 ,广东省,20,广州市,440103,荔湾区,体育休闲服务;度假疗养场所;疗养院,,,
B0FFF3UUD4,广州花都怡乐养老院,商业大道114号-1,113.23 ,23.38 ,广东省,20,广州市,440114,花都区,体育休闲服务;度假疗养场所;疗养院,,,
B030101UVW,虎门镇敬老院,虎门镇新港南路8号,113.67 ,22.78 ,广东省,769,东莞市,441900,东莞市,体育休闲服务;度假疗养场所;疗养院,,,
B030105GUW,东莞市长安镇敬老院,将军街8,113.81 ,22.80 ,广东省,769,东莞市,441900,东莞市,体育休闲服务;度假疗养场所;疗养院,,,
B02EE0P1VZ,三埠美仙养老院,迳头思堤路3号,112.70 ,22.35 ,广东省,750,江门市,440783,开平市,体育休闲服务;度假疗养场所;疗养院,,,
B00140UVU9,广州市金玉养老院,大新路419号,113.25 ,23.11 ,广东省,20,广州市,440104,越秀区,体育休闲服务;度假疗养场所;疗养院,3.5,,
B0FFIL8SAI,中山火炬开发区敬老院,岐关东路16号附近,113.48 ,22.53 ,广东省,760,中山市,442000,中山市,体育休闲服务;度假疗养场所;疗养院,,,
B02F70247G,廉江市罗州街道敬老院,西街85号,110.28 ,21.61 ,广东省,759,湛江市,440881,廉江市,体育休闲服务;度假疗养场所;疗养院,,,
B02EF0I4PO,沙溪敬老院(韶关市曲江区沙溪林业站北),宝溪隧道韶关市沙溪镇政府东北150米,113.68 ,24.61 ,广东省,751,韶关市,440205,曲江区,体育休闲服务;度假疗养场所;疗养院,,,
B02EE02ETC,颐康养老院(东港街),港口路王边里22号,113.09 ,22.59 ,广东省,750,江门市,440703,蓬江区,体育休闲服务;度假疗养场所;疗养院,3,,
B0FFH31MRH,湛江市安康养老院,麻章镇政通西路湛江卫生学校北苑,110.32 ,21.26 ,广东省,759,湛江市,440811,麻章区,体育休闲服务;度假疗养场所;疗养院,,,
B00140Q7GB,广州市荔湾幸福养老院,荔湾路幸福新村福儿路1号,113.24 ,23.13 ,广东省,20,广州市,440103,荔湾区,体育休闲服务;度假疗养场所;疗养院,3.5,,
B03018M401,洪梅敬老院,洪梅镇西坊新村一横街十一巷7号,113.60 ,22.97 ,广东省,769,东莞市,441900,东莞市,体育休闲服务;度假疗养场所;疗养院,,,
B030100URY,先锋敬老院,沙田镇先锋村委会,113.61 ,22.92 ,广东省,769,东莞市,441900,东莞市,体育休闲服务;度假疗养场所;疗养院,,,
B02F507B4M,河口敬老院(文塔西路),西南街道河口镇湖边路,112.84 ,23.16 ,广东省,757,佛山市,440607,三水区,体育休闲服务;度假疗养场所;疗养院,,,
B02FA01OAM,好义镇敬老院,284乡道与286乡道交叉口西北200米,114.78 ,23.35 ,广东省,762,河源市,441621,紫金县,体育休闲服务;度假疗养场所;疗养院,,,
B02F80OPSV,民众镇敬老院,塘边路与文化路交叉口西北100米,113.50 ,22.62 ,广东省,760,中山市,442000,中山市,体育休闲服务;度假疗养场所;疗养院,,,
B02F103DK6,松源镇敬老院,113乡道与223省道交叉口西北100米,116.37 ,24.73 ,广东省,753,梅州市,441403,梅县区,体育休闲服务;度假疗养场所;疗养院,,,
B0FFFAIAVB,周千秋敬老院,柏堂路61号附近,113.45 ,23.05 ,广东省,20,广州市,440113,番禺区,体育休闲服务;度假疗养场所;疗养院,,,
B0FFK1YNAZ,越秀区泰成养老院,米市路11号五仙观旁,113.26 ,23.12 ,广东省,20,广州市,440104,越秀区,体育休闲服务;体育休闲服务场所;体育休闲服务场所,,,
B0FFGC4PZE,广东颐年养老院(益鹏苑西南),赤岗西路35-37号,113.33 ,23.09 ,广东省,20,广州市,440105,海珠区,体育休闲服务;度假疗养场所;疗养院,3.5,,
B0FFGSE2S4,惠州市怡安养老院,南岸路,114.42 ,23.07 ,广东省,752,惠州市,441302,惠城区,体育休闲服务;度假疗养场所;疗养院,,,
B02F002CDD,惠州市三栋敬老院,三栋镇木鹿街东50米,114.45 ,22.99 ,广东省,752,惠州市,441302,惠城区,体育休闲服务;度假疗养场所;疗养院,,,
B00140H65D,钟落潭镇敬老院,钟落潭镇,113.43 ,23.38 ,广东省,20,广州市,440111,白云区,体育休闲服务;度假疗养场所;疗养院,3.5,,
B0FFIDA4NM,老人颐养院,柯子岭景云路38号第二人民医院,113.28 ,23.16 ,广东省,20,广州市,440111,白云区,政府机构及社会团体;政府及社会团体相关;政府及社会团体相关,,,
B02F00RXRB,惠阳区沙田镇敬老院,沙田镇919乡道北,114.54 ,22.86 ,广东省,752,惠州市,441303,惠阳区,体育休闲服务;度假疗养场所;疗养院,,,
B00141J6FP,荔湾区长者养老院,招村北外约二巷(怡馨苑),113.24 ,23.09 ,广东省,20,广州市,440103,荔湾区,体育休闲服务;度假疗养场所;疗养院,3,,
B0FFJ4EYNO,陈村镇敬老院,陈村镇旧圩园林新街30号,113.23 ,22.96 ,广东省,757,佛山市,440606,顺德区,体育休闲服务;度假疗养场所;疗养院,,,
B0FFHN3JQF,怡和之家敬老院,南庄大道东181号,113.07 ,22.99 ,广东省,757,佛山市,440604,禅城区,体育休闲服务;度假疗养场所;疗养院,,,
B02960N9LS,阳西县程村镇敬老院,607县道西50米,111.74 ,21.82 ,广东省,662,阳江市,441721,阳西县,体育休闲服务;度假疗养场所;疗养院,,,
B0FFFAES0V,广东康德养老院(元岗路),元岗路399号,113.34 ,23.18 ,广东省,20,广州市,440106,天河区,体育休闲服务;度假疗养场所;疗养院,3,,
B02F800SB7,中山市古镇镇敬老院,古镇镇东兴东路政府第二办公区3号楼,113.17 ,22.62 ,广东省,760,中山市,442000,中山市,体育休闲服务;度假疗养场所;疗养院,,,
B02F50XLCW,杨和镇敬老院,杨和镇杜鹃路30号,112.79 ,22.82 ,广东省,757,佛山市,440608,高明区,体育休闲服务;度假疗养场所;疗养院,,,
B0FFI7X1VT,英德市德善园养老院,峰光西路21附近,113.40 ,24.19 ,广东省,763,清远市,441881,英德市,体育休闲服务;度假疗养场所;疗养院,,,
B00141T4QG,广州市白云区大源养老院,沙太路大源南105号,113.35 ,23.24 ,广东省,20,广州市,440111,白云区,体育休闲服务;度假疗养场所;疗养院,3,,
B02F101C3C,汤坑瀑声敬老院,东新路与商贸街交叉口东北100米,116.21 ,23.74 ,广东省,753,梅州市,441423,丰顺县,体育休闲服务;度假疗养场所;疗养院,,,
B02F503AIO,大塘敬老院(北江大堤大塘管理所南),大兴大道中15号,112.91 ,23.43 ,广东省,757,佛山市,440607,三水区,体育休闲服务;度假疗养场所;疗养院,,,
B0FFHPMS2Y,华尔佳养老院,和平一巷与和平路交叉口西200米,112.79 ,22.25 ,广东省,750,江门市,440781,台山市,体育休闲服务;度假疗养场所;疗养院,,,
B00141KD1X,广州市天河区珠吉街养老院,珠吉街新路街109号,113.43 ,23.13 ,广东省,20,广州市,440106,天河区,体育休闲服务;度假疗养场所;疗养院,,,
B0FFIVTA2I,元岗养老院,马来拉茶(元岗店),113.34 ,23.18 ,广东省,20,广州市,440106,天河区,体育休闲服务;度假疗养场所;疗养院,,,
B02F103FNG,石马养老院,石马镇石马街石马何肇凌中学北450米,115.83 ,24.29 ,广东省,753,梅州市,441481,兴宁市,体育休闲服务;度假疗养场所;疗养院,,,
B02F700T4V,下桥敬老院,下桥中学附近,110.13 ,20.45 ,广东省,759,湛江市,440825,徐闻县,体育休闲服务;度假疗养场所;疗养院,,,
B02FB022UH,阳山县大崀敬老院,大崀镇830县道,112.50 ,24.46 ,广东省,763,清远市,441823,阳山县,体育休闲服务;度假疗养场所;疗养院,,,
B00141T5AT,番禺区沙头街敬老院,沙南路60号,113.34 ,22.95 ,广东省,20,广州市,440113,番禺区,体育休闲服务;度假疗养场所;疗养院,,,
B02EE01QTQ,塘口敬老院(塘西路),塘口镇塘西路13号,112.58 ,22.36 ,广东省,750,江门市,440783,开平市,体育休闲服务;度假疗养场所;疗养院,,,
B0FFGWL3GE,新兴社区颐年敬老院,里水镇康宁路56号,113.16 ,23.20 ,广东省,757,佛山市,440605,南海区,体育休闲服务;度假疗养场所;疗养院,,,
B0FFGZTVVQ,德善园养老院,百花东路7号宏兴大夏,113.42 ,24.18 ,广东省,763,清远市,441881,英德市,体育休闲服务;度假疗养场所;疗养院,,,
B0FFHCGS8E,盐田区社会福利中心老人院,沙头角街道沙头角镇径口村63号,114.22 ,22.55 ,广东省,755,深圳市,440308,盐田区,政府机构及社会团体;政府及社会团体相关;政府及社会团体相关,,,
B0FFKOI8TH,新民敬老院,汕湛高速与675县道交叉口西北150米,110.20 ,21.53 ,广东省,759,湛江市,440881,廉江市,体育休闲服务;度假疗养场所;疗养院,,,
B0FFJ9JSNA,新村敬老院,雅瑶西路17-19号附近,113.22 ,23.36 ,广东省,20,广州市,440114,花都区,体育休闲服务;度假疗养场所;疗养院,,,
B02FE00TU2,前锋敬老院,466县道西50米,112.10 ,22.79 ,广东省,766,云浮市,445302,云城区,体育休闲服务;度假疗养场所;疗养院,,,
B02FE00SXI,高村敬老院,464县道与465县道交叉口南150米,111.89 ,22.93 ,广东省,766,云浮市,445303,云安区,体育休闲服务;度假疗养场所;疗养院,,,
B02FB0215J,山塘敬老院,太平镇长寿街9号,112.95 ,23.63 ,广东省,763,清远市,441803,清新区,体育休闲服务;度假疗养场所;疗养院,,,
B02F60PS7E,梁村敬老院,349省道与424县道交叉口西北200米,112.04 ,23.94 ,广东省,758,肇庆市,441224,怀集县,体育休闲服务;度假疗养场所;疗养院,,,
B02F6027TH,莫村敬老院,莫村大道与265省道交叉口西50米,112.11 ,23.40 ,广东省,758,肇庆市,441226,德庆县,体育休闲服务;度假疗养场所;疗养院,,,
B02F101C38,龙村敬老院,960县道东50米,115.54 ,23.56 ,广东省,753,梅州市,441424,五华县,体育休闲服务;度假疗养场所;疗养院,,,
B00141I6LF,广州市海珠区康宇养老院,南华中路196号,113.26 ,23.11 ,广东省,20,广州市,440105,海珠区,体育休闲服务;度假疗养场所;疗养院,3,,
B0FFH6HLO3,福生养老院,太和镇黄坑清和大道71号,113.02 ,23.73 ,广东省,763,清远市,441803,清新区,体育休闲服务;度假疗养场所;疗养院,,,
B00141SWDM,敬老院诊所,石基镇岐山中路4号,113.44 ,22.96 ,广东省,20,广州市,440113,番禺区,医疗保健服务;诊所;诊所,3.8,,
B00140VATM,梯面敬老院(装修中),梯面大道与106国道交叉口西北100米,113.30 ,23.55 ,广东省,20,广州市,440114,花都区,体育休闲服务;度假疗养场所;疗养院,2.9,,
B0FFF340C8,韶关市浈江区孝子养老院,大塘路162号,113.61 ,24.80 ,广东省,751,韶关市,440204,浈江区,体育休闲服务;度假疗养场所;疗养院,5,,
B0FFFFAS5F,东莞市清溪敬老院(角岭新村西南),角岭街,114.15 ,22.83 ,广东省,769,东莞市,441900,东莞市,体育休闲服务;度假疗养场所;疗养院,5,,
B0FFF4NKRB,龙岗区南澳街道敬老院,枫南路一号,114.50 ,22.53 ,广东省,755,深圳市,440307,龙岗区,体育休闲服务;度假疗养场所;疗养院,,,
B0FFG8GNZ5,任达爱心敬老院,碧新路2030号,114.27 ,22.71 ,广东省,755,深圳市,440307,龙岗区,体育休闲服务;度假疗养场所;疗养院,,,
B0FFJ0DNC9,金色年华养老院,962乡道东50米,110.71 ,21.42 ,广东省,759,湛江市,440883,吴川市,体育休闲服务;度假疗养场所;疗养院,,,
B00141J1T0,南村镇敬老院,南村镇市新公路南兴花苑,113.40 ,23.00 ,广东省,20,广州市,440113,番禺区,体育休闲服务;度假疗养场所;疗养院,,,
B029C0244A,茂名市茂南区袂花镇敬老院,茂南开发区铜鼓岭村,110.91 ,21.61 ,广东省,668,茂名市,440902,茂南区,体育休闲服务;度假疗养场所;疗养院,,,
B02F002AOM,惠州市惠城区水口镇敬老院,龙湖大道广东海纳现代农业生态园附近,114.49 ,23.14 ,广东省,752,惠州市,441302,惠城区,体育休闲服务;度假疗养场所;疗养院,5,,
B02F20NSKN,南碧埠敬老院,和新街41号,116.74 ,23.39 ,广东省,754,汕头市,440507,龙湖区,体育休闲服务;度假疗养场所;疗养院,,,
B02F200DU8,东楼敬老院,岐山路44附近,116.69 ,23.39 ,广东省,754,汕头市,440511,金平区,体育休闲服务;度假疗养场所;疗养院,3.2,,
B0FFKDLJKX,沙田园敬老院,清东路34号附近,112.71 ,23.35 ,广东省,758,肇庆市,441284,四会市,体育休闲服务;度假疗养场所;疗养院,,,
B0FFHLZRBU,台山市老街坊养老院,台城街道筋坑村民委会员培新村48号,112.76 ,22.23 ,广东省,750,江门市,440781,台山市,体育休闲服务;度假疗养场所;疗养院,,2200,
B00141T502,广州市南沙区榄核敬老院,民生路236号,113.34 ,22.83 ,广东省,20,广州市,440115,南沙区,体育休闲服务;度假疗养场所;疗养院,,,
B0014092D0,万顷沙镇敬老院,万顷沙镇福安一街2港7号b栋,113.55 ,22.71 ,广东省,20,广州市,440115,南沙区,体育休闲服务;度假疗养场所;疗养院,2.9,,
B02FB01ZJZ,飞来峡镇敬老院,259乡道西50米,113.28 ,23.79 ,广东省,763,清远市,441802,清城区,体育休闲服务;度假疗养场所;疗养院,,,
B02F701M3F,廉江市石角镇敬老院,837乡道东50米,110.34 ,21.88 ,广东省,759,湛江市,440881,廉江市,体育休闲服务;度假疗养场所;疗养院,,,
B02F00QZAC,杨村镇敬老院,218县道西150米,114.46 ,23.45 ,广东省,752,惠州市,441322,博罗县,体育休闲服务;度假疗养场所;疗养院,,,
B02FE00TZT,罗定市苹塘镇敬老院,324国道北50米,111.74 ,22.73 ,广东省,766,云浮市,445381,罗定市,体育休闲服务;度假疗养场所;疗养院,,,
B0FFKBMJNI,太平镇敬老院,蚕岗中学南350米(太平街南),112.26 ,22.64 ,广东省,766,云浮市,445321,新兴县,体育休闲服务;度假疗养场所;疗养院,,,
B02F103B1F,大坪敬老院,469乡道附近,115.58 ,24.33 ,广东省,753,梅州市,441481,兴宁市,体育休闲服务;度假疗养场所;疗养院,,,
B02EF0IMFS,石塘镇敬老院,石塘镇345省道南50米,113.60 ,25.07 ,广东省,751,韶关市,440224,仁化县,体育休闲服务;度假疗养场所;疗养院,,,
B0FFGY1BD9,鱼窝头镇敬老院,鱼丰大街25号,113.46 ,22.85 ,广东省,20,广州市,440115,南沙区,体育休闲服务;度假疗养场所;疗养院,,,
B00141JVWU,广州市花都区雅瑶敬老院,雅瑶镇,113.23 ,23.37 ,广东省,20,广州市,440114,花都区,体育休闲服务;度假疗养场所;疗养院,,,
B0FFH8ZY83,贵政山老人院小商店,池尾街道大学路一号,116.14 ,23.29 ,广东省,663,揭阳市,445281,普宁市,购物服务;超级市场;超市,,,
B029400O17,潭西敬老院,潭西陆丰市公安局潭西派出所,115.55 ,22.93 ,广东省,660,汕尾市,441581,陆丰市,体育休闲服务;度假疗养场所;疗养院,3.2,,
B0FFH12688,正果敬老院,正果镇卫生院西北(119省道西),113.89 ,23.41 ,广东省,20,广州市,440118,增城区,体育休闲服务;度假疗养场所;疗养院,,,
B02F701PSC,客路敬老院,客路镇客路卫生院附近,110.01 ,21.09 ,广东省,759,湛江市,440882,雷州市,体育休闲服务;度假疗养场所;疗养院,,,
B02F602AJD,迳口镇敬老院,迳口镇人民路迳口卫生院东北100米,112.83 ,23.50 ,广东省,758,肇庆市,441284,四会市,体育休闲服务;度假疗养场所;疗养院,,,
B02EF0IASH,回龙敬老院,回龙卫生院(347县道西),113.93 ,24.15 ,广东省,751,韶关市,440233,新丰县,体育休闲服务;度假疗养场所;疗养院,,,
B02F50XLDY,冯光显敬老院,关地大马路与澳心街交叉口西南100米,113.15 ,22.89 ,广东省,757,佛山市,440606,顺德区,体育休闲服务;度假疗养场所;疗养院,,,
B02F8036SR,大鳌溪侨立敬老院,永丰街3号,113.42 ,22.51 ,广东省,760,中山市,442000,中山市,体育休闲服务;度假疗养场所;疗养院,3,,
B0FFIGAYUN,连州市敬老院,390县道东100米,112.33 ,24.82 ,广东省,763,清远市,441882,连州市,体育休闲服务;体育休闲服务场所;体育休闲服务场所,,,
B0FFKBG6LF,河源市源城区友好养老护理院,河源大道东150米,114.70 ,23.78 ,广东省,762,河源市,441602,源城区,体育休闲服务;度假疗养场所;疗养院,,,
B0FFH8DTS2,孝慈轩养老服务中心,中山七路王家园上街17号第四栋,113.25 ,23.12 ,广东省,20,广州市,440103,荔湾区,体育休闲服务;度假疗养场所;疗养院,,,
B0FFIDI7V2,佛山市顺德区勒流街道敬老院,建设西路79号,113.12 ,22.86 ,广东省,757,佛山市,440606,顺德区,体育休闲服务;度假疗养场所;疗养院,,,
B02FB0PSL4,清城区东城幸福养老院,笔架中路工业区3号,113.04 ,23.71 ,广东省,763,清远市,441802,清城区,体育休闲服务;度假疗养场所;疗养院,,,
B02F20OOJL,汕头市潮南区陈店镇敬老院,东风路与兴学路交叉口南200米,116.33 ,23.28 ,广东省,754,汕头市,440514,潮南区,体育休闲服务;度假疗养场所;疗养院,,,
B02F402XI3,珠海慈爱六乡敬老院,白蕉镇建设路54号,113.28 ,22.30 ,广东省,756,珠海市,440403,斗门区,体育休闲服务;度假疗养场所;疗养院,,,
B0FFJ57DZM,爱德养老院,明心街与福宁路交叉口东北50米,113.12 ,23.03 ,广东省,757,佛山市,440604,禅城区,体育休闲服务;度假疗养场所;疗养院,,,
B0FFI23ZK6,更合镇养老院,工业大道,112.58 ,22.78 ,广东省,757,佛山市,440608,高明区,体育休闲服务;度假疗养场所;疗养院,,,
B0FFGLB3BH,方石社区老人之家,华东街西200米,113.29 ,23.32 ,广东省,20,广州市,440111,白云区,体育休闲服务;度假疗养场所;疗养院,,,
B0FFHN658N,星光老年之家(罗务路),南一路与罗务路交叉口东北100米,113.04 ,23.05 ,广东省,757,佛山市,440605,南海区,体育休闲服务;度假疗养场所;疗养院,5,,
B0FFKCED44,福力养老院,工业大道南422号,113.28 ,23.07 ,广东省,20,广州市,440105,海珠区,生活服务;生活服务场所;生活服务场所,,,
B0FFHUILG0,东陇养老院,东陇镇,116.28 ,23.00 ,广东省,663,揭阳市,445224,惠来县,体育休闲服务;度假疗养场所;疗养院,,,
B0FFHOPAZG,松柏·养老院,梅石西路北50米,110.61 ,21.64 ,广东省,668,茂名市,440982,化州市,体育休闲服务;度假疗养场所;疗养院,,,
B0FFH6MKS8,螺涌社区养老院,增槎路与螺涌高桥大街交叉口东南200米,113.23 ,23.14 ,广东省,20,广州市,440111,白云区,体育休闲服务;度假疗养场所;疗养院,,,
B0FFGHDBIH,颐园养老院,赤岗西路37号,113.33 ,23.09 ,广东省,20,广州市,440105,海珠区,体育休闲服务;度假疗养场所;疗养院,,,
B0FFGDXTED,石清养老院,甲东镇,116.10 ,22.88 ,广东省,660,汕尾市,441581,陆丰市,体育休闲服务;度假疗养场所;疗养院,,,
B00141RFPW,晶辉养老院,昌华横街9号,113.23 ,23.12 ,广东省,20,广州市,440103,荔湾区,体育休闲服务;度假疗养场所;疗养院,3.5,,
B00141I9W6,乐怡养老院,同福东路南村路田心坊9号(市二宫红会医院),113.27 ,23.10 ,广东省,20,广州市,440105,海珠区,体育休闲服务;度假疗养场所;疗养院,3,,
B00140C2EB,金桥养老院,纸行路37号,113.25 ,23.12 ,广东省,20,广州市,440104,越秀区,体育休闲服务;度假疗养场所;疗养院,,,
B02F50XLJZ,佛山市禅城区升平社区敬老院,高基街红路直街82号,113.11 ,23.04 ,广东省,757,佛山市,440604,禅城区,体育休闲服务;度假疗养场所;疗养院,,,
B02F701PVO,湛江市麻章区湖光镇旧县敬老院,旧县村附近,110.29 ,21.12 ,广东省,759,湛江市,440811,麻章区,体育休闲服务;度假疗养场所;疗养院,,,
B0FFKBF8TV,徐闻县友好养老院,友好大道与文明路交叉口西100米,110.28 ,20.41 ,广东省,759,湛江市,440825,徐闻县,体育休闲服务;度假疗养场所;疗养院,,,
B0FFKBDZ5F,翁源县尚福养老院,朝阳路与G78汕昆高速出口交叉口东200米,114.14 ,24.36 ,广东省,751,韶关市,440229,翁源县,体育休闲服务;度假疗养场所;疗养院,,,
B0FFK8BFX7,广州市金玉养老院,人民南路与大新路交叉口东南50米,113.25 ,23.11 ,广东省,20,广州市,440104,越秀区,体育休闲服务;度假疗养场所;疗养院,,,
B0FFIQ2GD3,广州市良兴养老院,横滘大道与西槎路交叉口西北50米,113.24 ,23.17 ,广东省,20,广州市,440111,白云区,体育休闲服务;度假疗养场所;疗养院,,,
B0FFI1TPMT,广州市金颐养老院,同庆路2-104号附近,113.27 ,23.11 ,广东省,20,广州市,440105,海珠区,体育休闲服务;度假疗养场所;疗养院,,,
B00141T55R,闻千岁养老院,横滘货场路12号,113.24 ,23.17 ,广东省,20,广州市,440111,白云区,体育休闲服务;度假疗养场所;疗养院,3,,
B0FFKM6J4Y,江头敬老院,江头镇沿江路20广东南雄香江竹木制品厂附近,114.44 ,25.09 ,广东省,751,韶关市,440282,南雄市,体育休闲服务;度假疗养场所;疗养院,,,
B0FFKH7882,丽岗镇敬老院,412乡道西100米,110.63 ,21.75 ,广东省,668,茂名市,440982,化州市,体育休闲服务;度假疗养场所;疗养院,,,
B0FFKAY7J1,松竹敬老院,民主路西150米,110.06 ,20.84 ,广东省,759,湛江市,440882,雷州市,体育休闲服务;度假疗养场所;疗养院,,,
B0FFK7UFAZ,柘林镇敬老院,,117.10 ,23.58 ,广东省,768,潮州市,445122,饶平县,体育休闲服务;度假疗养场所;疗养院,,,
B0FFK2T1Y3,焕然敬老院,里水镇洲村市场,113.20 ,23.18 ,广东省,757,佛山市,440605,南海区,体育休闲服务;度假疗养场所;疗养院,,,
B0FFJGNKCP,老坪石敬老院,坪石镇,113.02 ,25.30 ,广东省,751,韶关市,440281,乐昌市,体育休闲服务;度假疗养场所;疗养院,,,
B0FFJBBKCA,坑梓敬老院,梓兴路53号,114.38 ,22.74 ,广东省,755,深圳市,440310,坪山区,体育休闲服务;度假疗养场所;疗养院,,,
B0FFJ942T3,遂城镇敬老院,287省道东200米,110.26 ,21.43 ,广东省,759,湛江市,440823,遂溪县,体育休闲服务;度假疗养场所;疗养院,,,
B0FFJ5JRUJ,羊角敬老院,634县道东200米,111.00 ,21.69 ,广东省,668,茂名市,440902,茂南区,体育休闲服务;度假疗养场所;疗养院,,,
B0FFJ3WWZH,陶河镇敬老院,,115.39 ,22.89 ,广东省,660,汕尾市,441521,海丰县,体育休闲服务;度假疗养场所;疗养院,,,
B0FFIAS7CJ,群爱敬老院,松柏路140号,114.21 ,22.64 ,广东省,755,深圳市,440307,龙岗区,体育休闲服务;度假疗养场所;疗养院,,,
B0FFI2MP13,冷坑镇敬老院,425县道东50米,112.05 ,24.03 ,广东省,758,肇庆市,441224,怀集县,体育休闲服务;度假疗养场所;疗养院,,,
B0FFI2LUZE,钱坑敬老院,红光村,115.99 ,23.39 ,广东省,663,揭阳市,445222,揭西县,体育休闲服务;度假疗养场所;疗养院,,,
B0FFI28HL6,附城敬老院,杨屋墩,115.16 ,23.64 ,广东省,762,河源市,441621,紫金县,体育休闲服务;度假疗养场所;疗养院,,,
B0FFHRXKRC,均安镇敬老院,均安镇环山路12号,113.15 ,22.71 ,广东省,757,佛山市,440606,顺德区,体育休闲服务;度假疗养场所;疗养院,,,
B0FFHQOZXR,通门镇敬老院,X474通门镇,111.49 ,23.01 ,广东省,766,云浮市,445322,郁南县,体育休闲服务;度假疗养场所;疗养院,,,
B0FFHQLRFF,葵潭镇敬老院,龙华街63号附近,115.97 ,23.06 ,广东省,663,揭阳市,445224,惠来县,体育休闲服务;度假疗养场所;疗养院,,,
B0FFHQL9K2,升平镇敬老院,259乡道西50米,113.28 ,23.79 ,广东省,763,清远市,441802,清城区,体育休闲服务;度假疗养场所;疗养院,,,
B0FFHQAAJR,沙浦镇敬老院,众兴路与183乡道交叉口东200米,112.69 ,23.16 ,广东省,758,肇庆市,441203,鼎湖区,体育休闲服务;度假疗养场所;疗养院,,,
B0FFHNKAEX,旧水坑敬老院,边岗路与颖川中路交叉口东南100米,113.40 ,22.96 ,广东省,20,广州市,440113,番禺区,体育休闲服务;度假疗养场所;疗养院,2.9,,
B0FFHIXBMA,后背敬老院,南丰中学,111.80 ,23.75 ,广东省,758,肇庆市,441225,封开县,体育休闲服务;度假疗养场所;疗养院,,,
B0FFHBSQ6X,港头村敬老院,港新路附近,113.40 ,23.42 ,广东省,20,广州市,440114,花都区,体育休闲服务;度假疗养场所;疗养院,,,
B029C01GWP,高州市潘州街道办事处北街敬老院,北街63号,110.86 ,21.92 ,广东省,668,茂名市,440981,高州市,体育休闲服务;度假疗养场所;疗养院,,,
B0FFH9R9Z6,黄坑敬老院,106国道,113.78 ,25.03 ,广东省,751,韶关市,440224,仁化县,体育休闲服务;度假疗养场所;疗养院,,,
B0FFH90OJO,振兴敬老院,狮岭镇康政路3号,113.16 ,23.46 ,广东省,20,广州市,440114,花都区,体育休闲服务;度假疗养场所;疗养院,,,
B0FFH2Q6SN,小胜敬老院,新胜街南50米,116.46 ,24.06 ,广东省,753,梅州市,441423,丰顺县,体育休闲服务;度假疗养场所;疗养院,,,
B0FFGXSX5W,高莞敬老院,184县道东50米,114.72 ,24.25 ,广东省,762,河源市,441623,连平县,体育休闲服务;度假疗养场所;疗养院,,,
B0FFGVYP26,游屋村敬老院,寮步镇环城路,113.89 ,23.00 ,广东省,769,东莞市,441900,东莞市,体育休闲服务;度假疗养场所;疗养院,,,
B0FFGPR6EA,千官敬老院,474县道,111.59 ,22.88 ,广东省,766,云浮市,445322,郁南县,体育休闲服务;度假疗养场所;疗养院,,,
B0FFGFY9VZ,幸福敬老院,313乡道附近,115.79 ,24.11 ,广东省,753,梅州市,441481,兴宁市,体育休闲服务;度假疗养场所;疗养院,,,
B0FFG8WTS2,东山敬老院,079县道南100米,116.94 ,23.90 ,广东省,768,潮州市,445122,饶平县,体育休闲服务;度假疗养场所;疗养院,,,
B02FB0P42A,横荷街道办事处敬老院,122乡道北100米,113.01 ,23.63 ,广东省,763,清远市,441802,清城区,体育休闲服务;度假疗养场所;疗养院,,,
B0FFG83XU4,石颈敬老院,800乡道,110.02 ,21.68 ,广东省,759,湛江市,440881,廉江市,体育休闲服务;度假疗养场所;疗养院,,,
B0FFG4HWGK,雅韶镇敬老院,阳东区365省道北50米,112.06 ,21.82 ,广东省,662,阳江市,441704,阳东区,体育休闲服务;度假疗养场所;疗养院,,,
B0FFG4F6PQ,那霍镇敬老院,113省道东100米,111.25 ,21.90 ,广东省,668,茂名市,440904,电白区,体育休闲服务;度假疗养场所;疗养院,,,
B00141T53V,新造镇小谷围街敬老院,双桂园十六街与双桂园十四街交叉口东南150米,113.44 ,23.04 ,广东省,20,广州市,440113,番禺区,体育休闲服务;度假疗养场所;疗养院,,,
B0FFFWQN1G,留隍敬老院,233省道与334省道交叉口东北100米,116.45 ,23.92 ,广东省,753,梅州市,441423,丰顺县,体育休闲服务;度假疗养场所;疗养院,,,
B0FFFVGYVF,桥冲镇敬老院,桥冲镇环村道20号,115.79 ,22.92 ,广东省,660,汕尾市,441581,陆丰市,体育休闲服务;度假疗养场所;疗养院,,,
B0FFFS6IXR,钱排镇敬老院,370省道西50米,111.27 ,22.34 ,广东省,668,茂名市,440983,信宜市,体育休闲服务;度假疗养场所;疗养院,,,
B0FFFL2VLL,良光镇敬老院,交通局良光交通管理所(207国道),110.55 ,21.59 ,广东省,668,茂名市,440982,化州市,体育休闲服务;度假疗养场所;疗养院,,,
B0FFFL29F4,陇田敬老院,兴礼路西200米,116.52 ,23.17 ,广东省,754,汕头市,440514,潮南区,体育休闲服务;度假疗养场所;疗养院,,,
B0FFFE80UM,浔洄村敬老院,洄发围70号,116.58 ,23.33 ,广东省,754,汕头市,440511,金平区,体育休闲服务;度假疗养场所;疗养院,,,
B0FFFAITQL,小楼镇敬老院,小楼镇荷花路2号,113.83 ,23.38 ,广东省,20,广州市,440118,增城区,体育休闲服务;度假疗养场所;疗养院,,,
B0FFF9S2K2,暹岗村敬老院,暹岗西街与暹岗西街二巷交叉口东南100米,113.46 ,23.17 ,广东省,20,广州市,440112,黄埔区,体育休闲服务;度假疗养场所;疗养院,,,
B0FFFL2G7I,中山市古镇敬老院,东兴西路146附近,113.17 ,22.62 ,广东省,760,中山市,442000,中山市,政府机构及社会团体;政府及社会团体相关;政府及社会团体相关,,,
B0FFFQICE9,深圳市养老护理院自理楼,俊峰丽舍1栋龙苑路59号,113.98 ,22.56 ,广东省,755,深圳市,440305,南山区,体育休闲服务;度假疗养场所;疗养院,,,
B0FFF4FCVK,海滨敬老院(长堤路),新塘长堤路16号,113.62 ,23.11 ,广东省,20,广州市,440118,增城区,体育休闲服务;度假疗养场所;疗养院,,,
B0FFF2KLYX,永和敬老院,401县道与778乡道交叉口东南100米,112.06 ,24.64 ,广东省,763,清远市,441825,连山壮族瑶族自治县,体育休闲服务;度假疗养场所;疗养院,,,
B0FFF2GN7Q,源潭敬老院,004乡道东50米,113.34 ,23.72 ,广东省,763,清远市,441802,清城区,体育休闲服务;度假疗养场所;疗养院,,,
B0FFF2E8JH,巽寮敬老院,油甘埔一路与金海湾大道交叉口东北200米,114.76 ,22.70 ,广东省,752,惠州市,441323,惠东县,体育休闲服务;度假疗养场所;疗养院,,,
B03018M3Z7,道滘敬老院,新兴南路93号,113.67 ,23.00 ,广东省,769,东莞市,441900,东莞市,体育休闲服务;度假疗养场所;疗养院,,,
B03000MTRB,翁厝敬老院,金石大道金石镇文化中心附近,116.62 ,23.52 ,广东省,768,潮州市,445103,潮安区,体育休闲服务;度假疗养场所;疗养院,,,
B03000MO8D,金石敬老院,镜鸿路北100米,116.62 ,23.53 ,广东省,768,潮州市,445103,潮安区,体育休闲服务;度假疗养场所;疗养院,,,
B03000MO6V,秉政敬老院,龙湖镇庆贵幼儿园,116.63 ,23.56 ,广东省,768,潮州市,445103,潮安区,体育休闲服务;度假疗养场所;疗养院,,,
B030000L9O,磷溪镇敬老院,府前路与磷溪府前路交叉口东南200米,116.71 ,23.64 ,广东省,768,潮州市,445102,湘桥区,体育休闲服务;度假疗养场所;疗养院,,,
B030000K4G,文祠镇敬老院,072县道与231省道交叉口东150米,116.68 ,23.75 ,广东省,768,潮州市,445103,潮安区,体育休闲服务;度假疗养场所;疗养院,,,
B030000K1A,浮滨镇敬老院,浮滨镇084县道西(浮滨启新中学东北300米),116.87 ,23.85 ,广东省,768,潮州市,445122,饶平县,体育休闲服务;度假疗养场所;疗养院,,,
B030000K01,凤凰敬老院,华园大道北路74号附近,116.71 ,23.91 ,广东省,768,潮州市,445103,潮安区,体育休闲服务;度假疗养场所;疗养院,,,
B02FE0NOWB,都杨敬老院,174乡道与471县道交叉口东200米,112.17 ,23.01 ,广东省,766,云浮市,445303,云安区,体育休闲服务;度假疗养场所;疗养院,,,
B02FE0N3XZ,石城敬老院,石城互通与324国道交叉口西南50米,111.94 ,22.73 ,广东省,766,云浮市,445303,云安区,体育休闲服务;度假疗养场所;疗养院,,,
B02FE0N3M0,里洞敬老院,大南街东50米,112.19 ,22.47 ,广东省,766,云浮市,445321,新兴县,体育休闲服务;度假疗养场所;疗养院,,,
B02FE0N3JV,船步敬老院,369省道西50米,111.61 ,22.61 ,广东省,766,云浮市,445381,罗定市,体育休闲服务;度假疗养场所;疗养院,,,
B02FE00U2H,簕竹镇敬老院,031乡道与113省道交叉口东150米,112.12 ,22.70 ,广东省,766,云浮市,445321,新兴县,体育休闲服务;度假疗养场所;疗养院,,,
B02960N9M7,岗列街道办事处敬老院,岗列街道石湾路坪郊小学西300米,111.97 ,21.90 ,广东省,662,阳江市,441702,江城区,体育休闲服务;度假疗养场所;疗养院,,,
B02FE00TZV,华石敬老院,477县道西50米,111.70 ,22.74 ,广东省,766,云浮市,445381,罗定市,体育休闲服务;度假疗养场所;疗养院,,,
B02FE00TS0,白石敬老院,472县道西50米,111.79 ,22.82 ,广东省,766,云浮市,445303,云安区,体育休闲服务;度假疗养场所;疗养院,,,
B02FE00SRU,六都敬老院,465县道西50米,111.98 ,23.04 ,广东省,766,云浮市,445303,云安区,体育休闲服务;度假疗养场所;疗养院,,,
B02FB0P4BX,龙塘敬老院,128乡道南50米,113.06 ,23.58 ,广东省,763,清远市,441802,清城区,体育休闲服务;度假疗养场所;疗养院,,,
B02FB0P1YQ,保安敬老院,777乡道与835县道交叉口西北200米,112.40 ,24.91 ,广东省,763,清远市,441882,连州市,体育休闲服务;度假疗养场所;疗养院,,,
B02FB0P184,西岸敬老院,326省道与G55二广高速出口交叉口西北150米,112.30 ,24.92 ,广东省,763,清远市,441882,连州市,体育休闲服务;度假疗养场所;疗养院,,,
B02FB0P17S,香坪敬老院,323国道东50米,112.12 ,24.60 ,广东省,763,清远市,441826,连南瑶族自治县,体育休闲服务;度假疗养场所;疗养院,,,
B02FB0OZHQ,波罗镇敬老院,258省道东100米,113.03 ,24.44 ,广东省,763,清远市,441881,英德市,体育休闲服务;度假疗养场所;疗养院,,,
B02FB0OZGA,江英敬老院,江英街与406县道交叉口西100米,112.85 ,24.50 ,广东省,763,清远市,441823,阳山县,体育休闲服务;度假疗养场所;疗养院,,,
B02FB0246Q,高岗镇敬老院,高岗镇中心幼儿园东200米,113.59 ,24.02 ,广东省,763,清远市,441821,佛冈县,体育休闲服务;度假疗养场所;疗养院,,,
B02FB0244A,浸潭镇敬老院,浸潭镇,112.82 ,24.07 ,广东省,763,清远市,441803,清新区,体育休闲服务;度假疗养场所;疗养院,,,
B02FB021OY,丰阳镇敬老院(725乡道),732乡道与734乡道交叉口西北100米,112.26 ,25.04 ,广东省,763,清远市,441882,连州市,体育休闲服务;度假疗养场所;疗养院,,,
B02FA01QHG,佗城-敬老院,佗城镇205国道,115.19 ,24.06 ,广东省,762,河源市,441622,龙川县,体育休闲服务;度假疗养场所;疗养院,,,
B02FA01QDW,东源县敬老院,165县道东50米,114.79 ,24.00 ,广东省,762,河源市,441625,东源县,体育休闲服务;度假疗养场所;疗养院,,,
B02FA01OH2,上陵镇敬老院,和上陵镇桃源村230省道,115.01 ,24.57 ,广东省,762,河源市,441624,和平县,体育休闲服务;度假疗养场所;疗养院,,,
B02EE01L33,江门市新会区会城怡园敬老院,会城镇北园西路46号,113.03 ,22.53 ,广东省,750,江门市,440705,新会区,体育休闲服务;度假疗养场所;疗养院,,,
B02FA01OE9,贝岭敬老院,158县道东50米,115.34 ,24.61 ,广东省,762,河源市,441622,龙川县,体育休闲服务;度假疗养场所;疗养院,,,
B02FA01O8U,瓦溪镇敬老院,157县道西50米,115.18 ,23.46 ,广东省,762,河源市,441621,紫金县,体育休闲服务;度假疗养场所;疗养院,,,
B02F70O1OW,竹根敬老院,竹根学校附近,110.55 ,21.18 ,广东省,759,湛江市,440804,坡头区,体育休闲服务;度假疗养场所;疗养院,,,
B02F70O1L9,塘尾村敬老院,坡头镇塘尾管区,110.55 ,21.23 ,广东省,759,湛江市,440804,坡头区,体育休闲服务;度假疗养场所;疗养院,,,
B02F7025G5,河头镇敬老院,375省道北50米,109.83 ,21.07 ,广东省,759,湛江市,440823,遂溪县,体育休闲服务;度假疗养场所;疗养院,,,
B02F701SDJ,白沙敬老院,水店西区001号,110.06 ,20.92 ,广东省,759,湛江市,440882,雷州市,体育休闲服务;度假疗养场所;疗养院,3,,
B02F701S4Z,海安敬老院,,110.19 ,20.28 ,广东省,759,湛江市,440825,徐闻县,体育休闲服务;度假疗养场所;疗养院,,,
B02F701QSH,新寮敬老院,新寮镇中心幼儿园(徐闻县新寮镇政府西),110.45 ,20.62 ,广东省,759,湛江市,440825,徐闻县,体育休闲服务;度假疗养场所;疗养院,,,
B02F701QDU,四海敬老院,四海小学附近,109.77 ,20.87 ,广东省,759,湛江市,440882,雷州市,体育休闲服务;度假疗养场所;疗养院,,,
B02F701Q9A,沈塘敬老院,Y392与雷湖快线交叉口西北200米,110.12 ,20.99 ,广东省,759,湛江市,440882,雷州市,体育休闲服务;度假疗养场所;疗养院,,,
B02F701Q3F,水美村敬老院,白沙镇故土园,110.00 ,20.94 ,广东省,759,湛江市,440882,雷州市,体育休闲服务;度假疗养场所;疗养院,,,
B02F701PZE,甘园敬老院,甘园小学附近,110.14 ,21.04 ,广东省,759,湛江市,440811,麻章区,体育休闲服务;度假疗养场所;疗养院,,,
B02F701PZ7,太平仙村敬老院,373省道西100米,110.18 ,21.07 ,广东省,759,湛江市,440811,麻章区,体育休闲服务;度假疗养场所;疗养院,,,
B02F701PYQ,造甲村敬老院,373省道南100米,110.15 ,21.04 ,广东省,759,湛江市,440811,麻章区,体育休闲服务;度假疗养场所;疗养院,,,
B02F701PXE,江洪敬老院,375省道东50米,109.72 ,21.02 ,广东省,759,湛江市,440823,遂溪县,体育休闲服务;度假疗养场所;疗养院,,,
B02F701P28,陈家村敬老院,207国道,110.11 ,21.18 ,广东省,759,湛江市,440823,遂溪县,体育休闲服务;度假疗养场所;疗养院,3.5,,
B02F701P17,城月敬老院,684县道南50米,110.07 ,21.18 ,广东省,759,湛江市,440823,遂溪县,体育休闲服务;度假疗养场所;疗养院,,,
B02F701NEC,龙头镇敬老院,龙头镇325国道东100米,110.50 ,21.36 ,广东省,759,湛江市,440804,坡头区,体育休闲服务;度假疗养场所;疗养院,,,
B02F701MX0,洋青镇敬老院,,110.10 ,21.36 ,广东省,759,湛江市,440823,遂溪县,体育休闲服务;度假疗养场所;疗养院,,,
B0FFGXZ4YT,佛山市顺德区均安镇敬老院社区卫生服务点,环山东路12号均安镇,113.15 ,22.71 ,广东省,757,佛山市,440606,顺德区,医疗保健服务;医疗保健服务场所;医疗保健服务场所,,,
B02F701MI6,营仔敬老院,674县道南50米,109.94 ,21.50 ,广东省,759,湛江市,440881,廉江市,体育休闲服务;度假疗养场所;疗养院,,,
B02F701M4E,塘蓬敬老院,287省道西50米,110.11 ,21.78 ,广东省,759,湛江市,440881,廉江市,体育休闲服务;度假疗养场所;疗养院,,,
B02F700OZB,草潭敬老院,683县道南50米,109.79 ,21.28 ,广东省,759,湛江市,440823,遂溪县,体育休闲服务;度假疗养场所;疗养院,,,
B02F60Q8S1,石狗镇敬老院,安宁路与439县道交叉口东北200米,112.59 ,23.37 ,广东省,758,肇庆市,441284,四会市,体育休闲服务;度假疗养场所;疗养院,,,
B02F60Q57N,官圩敬老院,官圩镇,111.79 ,23.26 ,广东省,758,肇庆市,441226,德庆县,体育休闲服务;度假疗养场所;疗养院,,,
B02F60PTGL,永固镇敬老院,265省道西50米,112.06 ,23.69 ,广东省,758,肇庆市,441224,怀集县,体育休闲服务;度假疗养场所;疗养院,,,
B02F60OTMG,威整敬老院,260省道东50米,112.74 ,23.64 ,广东省,758,肇庆市,441284,四会市,体育休闲服务;度假疗养场所;疗养院,,,
B02F60OTLY,下茆镇敬老院,宝华路与永兴路交叉口西北200米,112.66 ,23.43 ,广东省,758,肇庆市,441284,四会市,体育休闲服务;度假疗养场所;疗养院,,,
B02F60OTJE,闸岗镇敬老院,265省道与680乡道交叉口东100米,112.11 ,23.84 ,广东省,758,肇庆市,441224,怀集县,体育休闲服务;度假疗养场所;疗养院,,,
B02F60O9P9,四会市黄田镇敬老院,263省道东50米,112.54 ,23.44 ,广东省,758,肇庆市,441284,四会市,体育休闲服务;度假疗养场所;疗养院,,,
B02F60O8UT,乐城镇敬老院,政通路西50米,112.34 ,23.35 ,广东省,758,肇庆市,441204,高要区,体育休闲服务;度假疗养场所;疗养院,,,
B02F6029X5,活道镇敬老院,镇中路西100米,112.41 ,22.87 ,广东省,758,肇庆市,441204,高要区,体育休闲服务;度假疗养场所;疗养院,,,
B0FFHOQ8B8,知己养老院南山服务处,桃园路147号南景苑大厦15D,113.92 ,22.53 ,广东省,755,深圳市,440305,南山区,体育休闲服务;度假疗养场所;疗养院,5,,
B02F6029LK,白诸敬老院,白诸镇,112.35 ,22.95 ,广东省,758,肇庆市,441204,高要区,体育休闲服务;度假疗养场所;疗养院,,,
B02F60283I,武垄敬老院,415县道西50米,112.19 ,23.32 ,广东省,758,肇庆市,441226,德庆县,体育休闲服务;度假疗养场所;疗养院,,,
B02F6027VL,贞山敬老院,442县道北(四会市邓村学校西南),112.59 ,23.33 ,广东省,758,肇庆市,441284,四会市,体育休闲服务;度假疗养场所;疗养院,,,
B02F6027UN,河台镇敬老院,107乡道与415县道交叉口东100米,112.28 ,23.35 ,广东省,758,肇庆市,441204,高要区,体育休闲服务;度假疗养场所;疗养院,,,
B02F6026NK,坑口敬老院,443县道北50米,112.42 ,23.78 ,广东省,758,肇庆市,441223,广宁县,体育休闲服务;度假疗养场所;疗养院,,,
B02F601HJO,白垢镇敬老院,451县道与805乡道交叉口西100米,111.63 ,23.52 ,广东省,758,肇庆市,441225,封开县,体育休闲服务;度假疗养场所;疗养院,,,
B02F600EC0,蓝钟敬老院,423县道与635乡道交叉口东南100米,111.96 ,24.08 ,广东省,758,肇庆市,441224,怀集县,体育休闲服务;度假疗养场所;疗养院,,,
B02F600EBE,高良镇敬老院,高良镇352省道北100米,111.97 ,23.30 ,广东省,758,肇庆市,441226,德庆县,体育休闲服务;度假疗养场所;疗养院,,,
B02F507VBK,罗村镇敬老院,罗务公路6号,113.04 ,23.05 ,广东省,757,佛山市,440605,南海区,体育休闲服务;度假疗养场所;疗养院,3.5,,
B02F503SRA,人和敬老院,和丽路与好年路交叉口北100米,112.79 ,22.87 ,广东省,757,佛山市,440608,高明区,体育休闲服务;度假疗养场所;疗养院,,,
B02F401H2Z,上横敬老院,莲洲镇横山街201号,113.20 ,22.32 ,广东省,756,珠海市,440403,斗门区,体育休闲服务;度假疗养场所;疗养院,,,
B02F401GJA,乾务镇敬老院,环东南路西100米,113.22 ,22.16 ,广东省,756,珠海市,440403,斗门区,体育休闲服务;度假疗养场所;疗养院,,,
B02F20OOGJ,溪南敬老院,溪南镇弓兜金溪路大众数码西南100米,116.82 ,23.54 ,广东省,754,汕头市,440515,澄海区,体育休闲服务;度假疗养场所;疗养院,,,
B02F20NUTI,莲上镇敬老院,莲东路与裕德大道交叉口北200米,116.79 ,23.51 ,广东省,754,汕头市,440515,澄海区,体育休闲服务;度假疗养场所;疗养院,,,
B02F20NRWK,金浦敬老院,工交路44号附近,116.55 ,23.25 ,广东省,754,汕头市,440513,潮阳区,体育休闲服务;度假疗养场所;疗养院,,,
B02F10RA4B,刁坊敬老院,源志大街与017县道交叉口西北200米,115.75 ,24.09 ,广东省,753,梅州市,441481,兴宁市,体育休闲服务;度假疗养场所;疗养院,1.6,,
B02F104396,龙岗镇敬老院,028县道与949县道交叉口北50米,116.24 ,24.00 ,广东省,753,梅州市,441423,丰顺县,体育休闲服务;度假疗养场所;疗养院,,,
B02F103HF3,畲江敬老院,畲江镇双螺村,116.02 ,24.04 ,广东省,753,梅州市,441403,梅县区,体育休闲服务;度假疗养场所;疗养院,,,
B02F103GQ1,叶塘敬老院,兴叶路,115.67 ,24.19 ,广东省,753,梅州市,441481,兴宁市,体育休闲服务;度假疗养场所;疗养院,,,
B02F103EHY,丙村镇敬老院,丙村镇223省道南100米九板桥花园附近,116.29 ,24.37 ,广东省,753,梅州市,441403,梅县区,体育休闲服务;度假疗养场所;疗养院,,,
B02F103EEQ,黄陂敬老院,488乡道西50米,115.75 ,24.41 ,广东省,753,梅州市,441481,兴宁市,体育休闲服务;度假疗养场所;疗养院,,,
B02F103EEG,岗背敬老院,015县道东50米,115.70 ,24.33 ,广东省,753,梅州市,441481,兴宁市,体育休闲服务;度假疗养场所;疗养院,,,
B02F103EB4,黄槐敬老院,153乡道西50米,115.77 ,24.47 ,广东省,753,梅州市,441481,兴宁市,体育休闲服务;度假疗养场所;疗养院,,,
B02F103EAG,罗岗镇敬老院,罗岗镇014县道东50米,115.66 ,24.42 ,广东省,753,梅州市,441481,兴宁市,体育休闲服务;度假疗养场所;疗养院,,,
B02F103CKY,郭田镇敬老院,232乡道北50米,115.92 ,23.84 ,广东省,753,梅州市,441424,五华县,体育休闲服务;度假疗养场所;疗养院,,,
B02F103CHK,黄金敬老院,224省道西50米,116.39 ,23.99 ,广东省,753,梅州市,441423,丰顺县,体育休闲服务;度假疗养场所;疗养院,,,
B02F103CER,建桥镇敬老院,206国道北50米,116.14 ,23.95 ,广东省,753,梅州市,441423,丰顺县,体育休闲服务;度假疗养场所;疗养院,,,
B02F102CMV,枫朗镇敬老院,172乡道与221省道交叉口东南200米,116.80 ,24.27 ,广东省,753,梅州市,441422,大埔县,体育休闲服务;度假疗养场所;疗养院,,,
B02F101C4D,洲瑞镇敬老院,008县道东50米,116.54 ,24.20 ,广东省,753,梅州市,441422,大埔县,体育休闲服务;度假疗养场所;疗养院,,,
B02F101C45,西河镇敬老院,005县道北50米,116.73 ,24.47 ,广东省,753,梅州市,441422,大埔县,体育休闲服务;度假疗养场所;疗养院,,,
B02F101C44,大埔县三河镇敬老院,139乡道南50米,116.58 ,24.38 ,广东省,753,梅州市,441422,大埔县,体育休闲服务;度假疗养场所;疗养院,,,
B02F101C39,登輋敬老院,003县道与320乡道交叉口西北100米,115.48 ,23.47 ,广东省,753,梅州市,441424,五华县,体育休闲服务;度假疗养场所;疗养院,,,
B02F00QEYM,横沥镇敬老院,解放路与120省道交叉口西北150米,114.63 ,23.17 ,广东省,752,惠州市,441302,惠城区,体育休闲服务;度假疗养场所;疗养院,,,
B02F00QE9L,永汉镇敬老院,355省道西50米,113.97 ,23.58 ,广东省,752,惠州市,441324,龙门县,体育休闲服务;度假疗养场所;疗养院,,,
B02F00QE5Q,元岭村敬老院,197县道南50米,114.91 ,23.18 ,广东省,752,惠州市,441323,惠东县,体育休闲服务;度假疗养场所;疗养院,,,
B02F00PSUN,地派敬老院,220县道北50米,114.09 ,23.84 ,广东省,752,惠州市,441324,龙门县,体育休闲服务;度假疗养场所;疗养院,,,
B02F003UND,左潭镇敬老院,353省道西200米,114.11 ,23.71 ,广东省,752,惠州市,441324,龙门县,体育休闲服务;度假疗养场所;疗养院,,,
B02F003UL7,安墩敬老院,243省道东50米,115.00 ,23.17 ,广东省,752,惠州市,441323,惠东县,体育休闲服务;度假疗养场所;疗养院,,,
B02EF0I6IE,周陂敬老院,350县道与802乡道交叉口西南100米,114.04 ,24.25 ,广东省,751,韶关市,440229,翁源县,体育休闲服务;度假疗养场所;疗养院,,,
B02EF0I52X,界址敬老院,342县道西100米,114.73 ,25.25 ,广东省,751,韶关市,440282,南雄市,体育休闲服务;度假疗养场所;疗养院,,,
B02EF0I1TX,廊田敬老院,247省道与647乡道交叉口西150米,113.46 ,25.16 ,广东省,751,韶关市,440281,乐昌市,体育休闲服务;度假疗养场所;疗养院,,,
B02EF0I1N8,长江敬老院,246省道西50米,113.92 ,25.32 ,广东省,751,韶关市,440224,仁化县,体育休闲服务;度假疗养场所;疗养院,,,
B02EF0I1N4,城口镇敬老院,106国道西50米,113.74 ,25.31 ,广东省,751,韶关市,440224,仁化县,体育休闲服务;度假疗养场所;疗养院,,,
B02EF0I1HF,遥田敬老院,遥田镇新建街法庭遥田法庭西北450米,113.83 ,23.99 ,广东省,751,韶关市,440233,新丰县,体育休闲服务;度假疗养场所;疗养院,,,
B02EF02GF3,乐昌市九峰镇敬老院,248省道东50米,113.37 ,25.34 ,广东省,751,韶关市,440281,乐昌市,体育休闲服务;度假疗养场所;疗养院,,,
B02EF01638,梅坑敬老院,037乡道北50米,114.12 ,24.01 ,广东省,751,韶关市,440233,新丰县,体育休闲服务;度假疗养场所;疗养院,,,
B02EF01635,澄江敬老院,343省道西50米,114.31 ,24.91 ,广东省,751,韶关市,440222,始兴县,体育休闲服务;度假疗养场所;疗养院,,,
B02EF01634,乌迳敬老院,342省道北50米,114.60 ,25.26 ,广东省,751,韶关市,440282,南雄市,体育休闲服务;度假疗养场所;疗养院,0,,
B02EE0255M,冲蒌敬老院,侨昌路23号附近,112.81 ,22.12 ,广东省,750,江门市,440781,台山市,体育休闲服务;度假疗养场所;疗养院,,,
B02EE01O5G,赤坎镇-敬老院,得业路与060乡道交叉口东200米,112.58 ,22.32 ,广东省,750,江门市,440783,开平市,体育休闲服务;度假疗养场所;疗养院,,,
B02EE01KFU,龙胜敬老院,274省道与974乡道交叉口西北100米,112.45 ,22.54 ,广东省,750,江门市,440783,开平市,体育休闲服务;度假疗养场所;疗养院,,,
B02EE01JE0,宅梧镇敬老院,宅新路119,112.64 ,22.61 ,广东省,750,江门市,440784,鹤山市,体育休闲服务;度假疗养场所;疗养院,2.9,,
B02EE01HSO,大沙敬老院,534县道附近,112.37 ,22.51 ,广东省,750,江门市,440783,开平市,体育休闲服务;度假疗养场所;疗养院,,,
B029C0P51W,茂南区鳌头镇敬老院,鳌头镇园子坡村委会东北250米,110.85 ,21.56 ,广东省,668,茂名市,440902,茂南区,体育休闲服务;度假疗养场所;疗养院,,,
B029C02S8R,林尘敬老院,285省道附近,110.59 ,21.85 ,广东省,668,茂名市,440982,化州市,体育休闲服务;度假疗养场所;疗养院,,,
B029C026V1,荷花敬老院,283省道附近,110.71 ,22.27 ,广东省,668,茂名市,440981,高州市,体育休闲服务;度假疗养场所;疗养院,,,
B029C026TD,沙院镇敬老院,沙院镇沙院中学西150米,110.96 ,21.47 ,广东省,668,茂名市,440904,电白区,体育休闲服务;度假疗养场所;疗养院,3.2,,
B029C026T3,小良镇敬老院,小良镇636县道,110.90 ,21.48 ,广东省,668,茂名市,440904,电白区,体育休闲服务;度假疗养场所;疗养院,,,
B029C023HV,公馆敬老院,大山岭东华路公馆镇山车小学北150米,110.85 ,21.67 ,广东省,668,茂名市,440902,茂南区,体育休闲服务;度假疗养场所;疗养院,,,
B029C023AK,南盛敬老院,655县道西50米,110.75 ,21.69 ,广东省,668,茂名市,440982,化州市,体育休闲服务;度假疗养场所;疗养院,,,
B02970NLPS,金和敬老院,237省道与611乡道交叉口南200米,116.05 ,23.43 ,广东省,663,揭阳市,445222,揭西县,体育休闲服务;度假疗养场所;疗养院,,,
B02970148Y,怀德敬老院,杨美乡大道南50米,116.21 ,23.51 ,广东省,663,揭阳市,445281,普宁市,体育休闲服务;度假疗养场所;疗养院,,,
B02970142V,岐石敬老院,岐石镇岐石中学东南150米,116.13 ,22.91 ,广东省,663,揭阳市,445224,惠来县,体育休闲服务;度假疗养场所;疗养院,,,
B0297013YU,甘泉镇敬老院,236省道西50米,116.31 ,22.97 ,广东省,663,揭阳市,445224,惠来县,体育休闲服务;度假疗养场所;疗养院,,,
B0297011UK,棉湖镇敬老院,棉湖镇贡山小学,116.17 ,23.48 ,广东省,663,揭阳市,445222,揭西县,体育休闲服务;度假疗养场所;疗养院,,,
B02970106H,磐东镇敬老院,西关路北150米,116.31 ,23.55 ,广东省,663,揭阳市,445203,揭东区,体育休闲服务;度假疗养场所;疗养院,,,
B029700YZ3,桂岭镇敬老院,桂岭镇113县道西50米,116.24 ,23.59 ,广东省,663,揭阳市,445203,揭东区,体育休闲服务;度假疗养场所;疗养院,,,
B0297008D1,塔头敬老院,552乡道与590乡道交叉口东北50米,116.06 ,23.49 ,广东省,663,揭阳市,445222,揭西县,体育休闲服务;度假疗养场所;疗养院,,,
B029600YQB,新洲敬老院,阳东区365省道与750县道交叉口南200米,112.28 ,21.85 ,广东省,662,阳江市,441704,阳东区,体育休闲服务;度假疗养场所;疗养院,,,
B029600W7K,石望敬老院,石望中心小学附近,111.93 ,22.52 ,广东省,662,阳江市,441781,阳春市,体育休闲服务;度假疗养场所;疗养院,,,
B00141TL2W,洛溪敬老院,洛溪中路72号,113.29 ,23.05 ,广东省,20,广州市,440113,番禺区,体育休闲服务;度假疗养场所;疗养院,,,
B00141J43F,人和镇敬老院,建清街与267省道交叉口东北200米,113.26 ,23.29 ,广东省,20,广州市,440111,白云区,体育休闲服务;度假疗养场所;疗养院,,,
B00140W3CJ,鳌头敬老院,鳌头镇水西村,113.40 ,23.62 ,广东省,20,广州市,440117,从化区,体育休闲服务;度假疗养场所;疗养院,3.5,,
B00140W2YJ,东明敬老院,545乡道东50米,113.87 ,23.88 ,广东省,20,广州市,440117,从化区,体育休闲服务;度假疗养场所;疗养院,3.2,,
B00140UFB2,棋杆敬老院,鳌头镇安康路棋杆中学附近,113.51 ,23.58 ,广东省,20,广州市,440117,从化区,体育休闲服务;度假疗养场所;疗养院,2.9,,
B0FFKJAGXR,惠州市和睦养老院,中山北路17号附近,114.41 ,23.10 ,广东省,752,惠州市,441302,惠城区,体育休闲服务;度假疗养场所;疗养院,,,
B0FFJGRO5N,康馨养老院(建设中),基云锦梧桐工地尽头,114.18 ,22.57 ,广东省,755,深圳市,440303,罗湖区,体育休闲服务;体育休闲服务场所;体育休闲服务场所,,,
B0FFKEMU7W,罗镜敬老院,,111.46 ,22.56 ,广东省,766,云浮市,445381,罗定市,体育休闲服务;度假疗养场所;疗养院,,,
B0FFKB1MJ6,中山市民众镇敬老院,三源路东200米,113.47 ,22.63 ,广东省,760,中山市,442000,中山市,体育休闲服务;度假疗养场所;疗养院,,,
B0FFK97CBC,海丰县赤坑镇敬老院,,115.46 ,22.85 ,广东省,660,汕尾市,441521,海丰县,体育休闲服务;度假疗养场所;疗养院,,,
B0FFHR3GIY,潮汕敬老院,龙潭南约万年西街西4巷-20号附近,113.33 ,23.08 ,广东省,20,广州市,440105,海珠区,体育休闲服务;度假疗养场所;疗养院,,,
B0FFHOXIJ2,从化良囗镇敬老院,良口镇新城路53号,113.73 ,23.72 ,广东省,20,广州市,440117,从化区,体育休闲服务;度假疗养场所;疗养院,,,
B0FFG4EJ08,南雄市百顺镇敬老院,百顺北路西100米,114.03 ,25.19 ,广东省,751,韶关市,440282,南雄市,体育休闲服务;度假疗养场所;疗养院,,,
B0FFFTP5HB,福利中心敬老院,会城街道冈州大道西52号,113.00 ,22.51 ,广东省,750,江门市,440705,新会区,体育休闲服务;度假疗养场所;疗养院,,,
B0FFFSBGNX,高州市分界镇敬老院,世华路与644乡道交叉口东150米,110.94 ,21.78 ,广东省,668,茂名市,440981,高州市,体育休闲服务;度假疗养场所;疗养院,,,
B0FFFL1KUU,连南县涡水镇敬老院,396县道与696乡道交叉口东南150米,112.23 ,24.57 ,广东省,763,清远市,441826,连南瑶族自治县,体育休闲服务;度假疗养场所;疗养院,,,
B03000MOB9,饶平县海山镇敬老院,海山镇,116.94 ,23.53 ,广东省,768,潮州市,445122,饶平县,体育休闲服务;度假疗养场所;疗养院,,,
B02FE0N44G,罗定市榃滨镇敬老院,324国道北100米,111.39 ,22.82 ,广东省,766,云浮市,445381,罗定市,体育休闲服务;度假疗养场所;疗养院,,,
B02FE00UT1,新兴县河头镇敬老院,113省道东50米,112.07 ,22.59 ,广东省,766,云浮市,445321,新兴县,体育休闲服务;度假疗养场所;疗养院,,,
B02FE00TX9,罗定市都门镇敬老院,481县道与933乡道交叉口西南50米,111.27 ,22.67 ,广东省,766,云浮市,445381,罗定市,体育休闲服务;度假疗养场所;疗养院,,,
B02F700RCP,廉江市平坦镇敬老院,286省道北100米,110.49 ,21.48 ,广东省,759,湛江市,440881,廉江市,体育休闲服务;度假疗养场所;疗养院,,,
B02F60Q0IV,怀集县连麦镇敬老院,263省道西50米,112.16 ,24.05 ,广东省,758,肇庆市,441224,怀集县,体育休闲服务;度假疗养场所;疗养院,,,
B02F60OTJN,大湾敬老院,大湾镇环镇路大湾市场西450米,112.39 ,23.05 ,广东省,758,肇庆市,441204,高要区,体育休闲服务;度假疗养场所;疗养院,,,
B02F6029ZZ,怀集县洽水镇敬老院,617乡道北50米,112.35 ,24.09 ,广东省,758,肇庆市,441224,怀集县,体育休闲服务;度假疗养场所;疗养院,,,
B02F601SXT,德庆县新圩敬老院,德城街道职教中心路口入20米,111.78 ,23.15 ,广东省,758,肇庆市,441226,德庆县,体育休闲服务;度假疗养场所;疗养院,,,
B02F508N0G,顺德市北滘镇敬老院,林上南路28号附近,113.20 ,22.94 ,广东省,757,佛山市,440606,顺德区,体育休闲服务;度假疗养场所;疗养院,3.5,,
B02F20OOL3,龙湖区新溪镇敬老院,金新路西150米,116.77 ,23.39 ,广东省,754,汕头市,440507,龙湖区,体育休闲服务;度假疗养场所;疗养院,,,
B02F2023IZ,司马浦镇敬老院,324国道南100米潮阳司马浦中学附近,116.37 ,23.26 ,广东省,754,汕头市,440514,潮南区,体育休闲服务;度假疗养场所;疗养院,3.2,,
B02F103DLB,蕉岭县三圳镇敬老院,962县道附近,116.12 ,24.60 ,广东省,753,梅州市,441427,蕉岭县,体育休闲服务;度假疗养场所;疗养院,,,
B02F103CZ5,丰顺县附城镇敬老院,八一路与109乡道交叉口东南200米,116.18 ,23.78 ,广东省,753,梅州市,441423,丰顺县,体育休闲服务;度假疗养场所;疗养院,,,
B02F003U6X,博罗县泰美镇敬老院,金龙大道,114.44 ,23.36 ,广东省,752,惠州市,441322,博罗县,体育休闲服务;度假疗养场所;疗养院,3,,
B02EF0I1OU,乐昌市云岩镇敬老院,云岩镇政府东南500米,113.11 ,25.12 ,广东省,751,韶关市,440281,乐昌市,体育休闲服务;度假疗养场所;疗养院,,,
B02EF0I1OI,仁化县扶溪镇敬老院,扶溪镇342省道东100米,113.86 ,25.22 ,广东省,751,韶关市,440224,仁化县,体育休闲服务;度假疗养场所;疗养院,,,
B02EF01632,南雄市湖口镇敬老院,长市中学461,114.43 ,25.19 ,广东省,751,韶关市,440282,南雄市,体育休闲服务;度假疗养场所;疗养院,,,
B02EE0OHIB,台山市汶村镇敬老院,365省道南100米,112.50 ,21.85 ,广东省,750,江门市,440781,台山市,体育休闲服务;度假疗养场所;疗养院,,,
B029C0P8WG,信宜市白石镇敬老院,358乡道与629县道交叉口南100米,111.09 ,22.36 ,广东省,668,茂名市,440983,信宜市,体育休闲服务;度假疗养场所;疗养院,,,
B029700KI0,揭西县良田乡敬老院,河新村附近,115.86 ,23.60 ,广东省,663,揭阳市,445222,揭西县,体育休闲服务;度假疗养场所;疗养院,,,
B029400ODK,陆丰市甲子镇敬老院,甲子镇,116.06 ,22.88 ,广东省,660,汕尾市,441581,陆丰市,体育休闲服务;度假疗养场所;疗养院,2,,
B029400MJ8,陆丰市八万镇敬老院,万安路八万镇阳光幼儿园,115.75 ,23.04 ,广东省,660,汕尾市,441581,陆丰市,体育休闲服务;度假疗养场所;疗养院,3.2,,
B029400MFZ,海丰县平东镇敬老院,中兴街与126县道交叉口西南200米,115.48 ,23.10 ,广东省,660,汕尾市,441521,海丰县,体育休闲服务;度假疗养场所;疗养院,,,
B029400MFX,海丰县黄羌镇敬老院,126县道东50米,115.42 ,23.16 ,广东省,660,汕尾市,441521,海丰县,体育休闲服务;度假疗养场所;疗养院,,,
B029400M3I,陆河县上护镇敬老院,下塘路31号附近,115.59 ,23.25 ,广东省,660,汕尾市,441523,陆河县,体育休闲服务;度假疗养场所;疗养院,,,
B0FFH59BTB,古市敬老院(南雄市古市卫生院西南),323国道东200米,114.24 ,25.05 ,广东省,751,韶关市,440282,南雄市,体育休闲服务;度假疗养场所;疗养院,,,
B02FE00VCJ,南盛敬老院(河滨路),云六都镇南盛镇人民路2号,112.07 ,22.83 ,广东省,766,云浮市,445302,云城区,体育休闲服务;度假疗养场所;疗养院,,,
B02FE00T18,河口敬老院(沃斯国际公寓北),府前路云浮国际石材博览交易中心北,112.12 ,22.96 ,广东省,766,云浮市,445302,云城区,体育休闲服务;度假疗养场所;疗养院,,,
B02F60286H,莲花敬老院(莲花大道),莲花镇,112.69 ,23.26 ,广东省,758,肇庆市,441203,鼎湖区,体育休闲服务;度假疗养场所;疗养院,,,
B02EF0I6YT,石角敬老院(石角卫生院西北),192县道西100米,114.36 ,24.01 ,广东省,751,韶关市,440233,新丰县,体育休闲服务;度假疗养场所;疗养院,,,
B02EE01O57,百合敬老院(百合卫生院西南),275省道附近,112.56 ,22.29 ,广东省,750,江门市,440783,开平市,体育休闲服务;度假疗养场所;疗养院,,,
B029600WXC,塘口敬老院(001乡道),001乡道北50米,111.57 ,21.84 ,广东省,662,阳江市,441721,阳西县,体育休闲服务;度假疗养场所;疗养院,,,
B0FFGC1BWV,台山市城区敬老服务中心,台山台城环市东路86号台山市城区,112.80 ,22.24 ,广东省,750,江门市,440781,台山市,体育休闲服务;度假疗养场所;疗养院,,,
B0FFGB3748,铁岗敬老院农家乐,水库路附近,113.89 ,22.60 ,广东省,755,深圳市,440306,宝安区,体育休闲服务;休闲场所;休闲场所,,,
B0FFH6U0L3,广州市白云博爱园老人院(东门),增槎路343号,113.22 ,23.15 ,广东省,20,广州市,440111,白云区,通行设施;临街院门;临街院门,,,
BV11077329,敬老院(公交站),高要313路专线,112.34 ,23.34 ,广东省,758,肇庆市,441204,高要区,交通设施服务;公交车站;公交车站相关,,,
B0FFF9QK6D,番禺区大石镇敬老院工会,石南路45号,113.30 ,23.01 ,广东省,20,广州市,440113,番禺区,政府机构及社会团体;政府及社会团体相关;政府及社会团体相关,,,
B0FFG0KP0R,冈南老人院自行车租赁点,中心路与广厚里大街交叉口北200米,113.18 ,22.61 ,广东省,760,中山市,442000,中山市,生活服务;生活服务场所;生活服务场所,,,
B0FFK6OJPV,长和养老院,红旗中路与车山路交叉口西北50米,110.90 ,21.67 ,广东省,668,茂名市,440902,茂南区,体育休闲服务;体育休闲服务场所;体育休闲服务场所,,,
BV10253231,南边敬老院(公交站),612路短线;612路长线;614路;639路短线;639路长线;641路,112.94 ,23.27 ,广东省,757,佛山市,440607,三水区,交通设施服务;公交车站;公交车站相关,,,
B0FFKDVBWH,鹤城敬老院,城中路东100米,112.83 ,22.63 ,广东省,750,江门市,440784,鹤山市,体育休闲服务;体育休闲服务场所;体育休闲服务场所,,,
B0FFGQ9IDY,敬老院桥,龙岗区,114.21 ,22.64 ,广东省,755,深圳市,440307,龙岗区,地名地址信息;交通地名;桥,,,
B02FA0PFHB,登云镇老人福利院,登云镇登云中学西北400米,115.39 ,24.08 ,广东省,762,河源市,441622,龙川县,政府机构及社会团体;社会团体;慈善机构,,,
B0FFIXIICQ,高要回龙镇老人福利院,187乡道与197乡道交叉口南200米附近,112.64 ,22.93 ,广东省,758,肇庆市,441204,高要区,政府机构及社会团体;政府及社会团体相关;政府及社会团体相关,,,
B0FFK8UWTI,广州市番禺区化龙镇敬老院配餐点,柏堂路与沙社街交叉口南100米,113.45 ,23.05 ,广东省,20,广州市,440113,番禺区,餐饮服务;中餐厅;中餐厅,,,
B0FFJSTWWL,松柏·养老院,广南路240号,111.01 ,21.54 ,广东省,668,茂名市,440904,电白区,体育休闲服务;体育休闲服务场所;体育休闲服务场所,,,
B0FFJH3PDG,企石养老院,企石镇湖滨北路5号,114.03 ,23.08 ,广东省,769,东莞市,441900,东莞市,体育休闲服务;体育休闲服务场所;体育休闲服务场所,,,
B0FFITNV8H,北山养老院,北绣路9号,111.96 ,21.85 ,广东省,662,阳江市,441702,江城区,体育休闲服务;体育休闲服务场所;体育休闲服务场所,,,
B0FFHJJVHE,东山养老院,黄麻村黄麻路885号,113.46 ,23.21 ,广东省,20,广州市,440112,黄埔区,体育休闲服务;体育休闲服务场所;体育休闲服务场所,,,
BV10338110,龙华敬老院(公交站),332路;612路;624路;866路;882路;B692路;B715路;B879路;E31路;E34路;E35路;E36路;M233路;M243路;M244路;M262路;M310路;M352路;M378路;M379路;M450路;M505路;M548路;旅游10线;旅游9线;长10路,114.01 ,22.66 ,广东省,755,深圳市,440309,龙华区,交通设施服务;公交车站;公交车站相关,,,
B0FFJL3EQG,官窑敬老院,狮山镇官窑凤源西路12号,113.08 ,23.23 ,广东省,757,佛山市,440605,南海区,体育休闲服务;度假疗养场所;疗养院,3,,
B0FFG9CFQP,马安敬老院,,114.50 ,23.05 ,广东省,752,惠州市,441302,惠城区,体育休闲服务;体育休闲服务场所;体育休闲服务场所,,,
B0FFITNZQV,湖镇敬老院,217县道东50米,114.15 ,23.25 ,广东省,752,惠州市,441322,博罗县,体育休闲服务;体育休闲服务场所;体育休闲服务场所,,,
BV10254304,北沙敬老院(公交站),384路;384路(17:20),113.19 ,22.74 ,广东省,757,佛山市,440606,顺德区,交通设施服务;公交车站;公交车站相关,,,
B0FFKFKTR2,大岭敬老院,,114.69 ,23.00 ,广东省,752,惠州市,441323,惠东县,体育休闲服务;体育休闲服务场所;体育休闲服务场所,,,
B02F50ZTVM,丹灶敬老院,富民路与工业大道交叉口南100米,112.92 ,23.03 ,广东省,757,佛山市,440605,南海区,体育休闲服务;度假疗养场所;疗养院,5,,
B0FFIHIC3E,大岗镇敬老院,村前路与961乡道交叉口东200米南沙区大岗镇五保服务中心附近,113.40 ,22.78 ,广东省,20,广州市,440115,南沙区,体育休闲服务;体育休闲服务场所;体育休闲服务场所,,,
B0FFI89V3U,塘厦敬老院,塘厦镇广东亚视演艺学院内,114.07 ,22.82 ,广东省,769,东莞市,441900,东莞市,体育休闲服务;体育休闲服务场所;体育休闲服务场所,,,
B0FFG4HECQ,马坝镇敬老院(东南门),106国道北50米,113.63 ,24.66 ,广东省,751,韶关市,440205,曲江区,通行设施;临街院门;临街院门,,,
B0FFHNDLKL,茂名养老院,环市北路与矿西路交叉口东北150米,110.90 ,21.69 ,广东省,668,茂名市,440902,茂南区,体育休闲服务;体育休闲服务场所;体育休闲服务场所,,,
B02EF0I3LV,广东省韶关市老人公寓,惠民街道惠民北路477号,113.58 ,24.82 ,广东省,751,韶关市,440203,武江区,体育休闲服务;度假疗养场所;疗养院,,,
B0FFGJ316D,大岭山敬老院(西南门),建卫南街8号,113.84 ,22.91 ,广东省,769,东莞市,441900,东莞市,通行设施;临街院门;临街院正门,,,
B0FFHDS2VQ,阳江市养老院(南门),上濑街与洲头路交叉口西北50米,111.95 ,21.85 ,广东省,662,阳江市,441702,江城区,通行设施;临街院门;临街院正门,,,
BV10860789,福和敬老院(公交站),增城54路,113.65 ,23.35 ,广东省,20,广州市,440118,增城区,交通设施服务;公交车站;公交车站相关,,,
B0FFG4FCM2,沙塘镇敬老院(南门),沙塘镇浪畔边塘二村,112.59 ,22.45 ,广东省,750,江门市,440783,开平市,通行设施;临街院门;临街院门,,,
B00140A2A4,东涌敬老院,东涌镇风情街2号楼正东方向74米,113.46 ,22.88 ,广东省,20,广州市,440115,南沙区,体育休闲服务;度假疗养场所;疗养院,,,
B0FFG6USP1,龙华敬老院(南门),龙观西路344号附近,114.01 ,22.66 ,广东省,755,深圳市,440309,龙华区,通行设施;临街院门;临街院门,,,
BV10588912,秋长养老院(公交站),999路,114.39 ,22.83 ,广东省,752,惠州市,441303,惠阳区,交通设施服务;公交车站;公交车站相关,,,
BZ7VP1000X,敬老院桥,广宁县,112.53 ,23.55 ,广东省,758,肇庆市,441223,广宁县,地名地址信息;交通地名;桥,,,
B0FFGQI5CO,敬老院桥,龙川县,115.37 ,24.00 ,广东省,762,河源市,441622,龙川县,地名地址信息;交通地名;桥,,,
B0FFGQHRAW,敬老院桥,高要区,112.54 ,23.03 ,广东省,758,肇庆市,441204,高要区,地名地址信息;交通地名;桥,,,
BV10252537,罗村敬老院(公交站),116路;149路;158路;165路;205路;219路;佛277路;南高33路,113.04 ,23.05 ,广东省,757,佛山市,440605,南海区,交通设施服务;公交车站;公交车站相关,,,
B0FFHLZ5TO,韶关市浈江区康乐老人颐养院,韶祥路10号,113.59 ,24.77 ,广东省,751,韶关市,440204,浈江区,体育休闲服务;体育休闲服务场所;体育休闲服务场所,,,
B0FFK8AQQ1,西阳敬老院,,116.24 ,24.30 ,广东省,753,梅州市,441402,梅江区,体育休闲服务;体育休闲服务场所;体育休闲服务场所,,,
B0FFJ5W08G,九江敬老院(东南门),万寿村路与西圣路交叉口东南200米,113.01 ,22.83 ,广东省,757,佛山市,440605,南海区,通行设施;临街院门;临街院门,,,
B0FFJ5FVH4,乐平敬老院(西北门),361省道与495县道交叉口南200米,112.94 ,23.27 ,广东省,757,佛山市,440607,三水区,通行设施;临街院门;临街院门,,,
B0FFIZ0ST0,蓝塘敬老院,沿江路北150米,114.94 ,23.42 ,广东省,762,河源市,441621,紫金县,体育休闲服务;体育休闲服务场所;体育休闲服务场所,,,
B0FFHMRQIG,龙口敬老院,龙福线龙口镇沙云村民委员会西350米,112.86 ,22.80 ,广东省,750,江门市,440784,鹤山市,体育休闲服务;体育休闲服务场所;体育休闲服务场所,,,
B0FFG4IUN9,稔村敬老院(东门),274省道与534县道交叉口西北100米,112.37 ,22.65 ,广东省,766,云浮市,445321,新兴县,通行设施;临街院门;临街院门,,,
BV10019630,钟村敬老院(公交站),公交地铁接驳专线10A路(短线);公交地铁接驳专线10A路(长线);公交地铁接驳专线10B路;番125路(短线);番125路/番125路长线;番125路短线,113.32 ,22.98 ,广东省,20,广州市,440113,番禺区,交通设施服务;公交车站;公交车站相关,,,
B0FFIE3Q9Z,白花镇敬老院,良白公路与202县道交叉口东北200米,114.65 ,22.95 ,广东省,752,惠州市,441323,惠东县,体育休闲服务;体育休闲服务场所;体育休闲服务场所,,,
B03018QW9C,道滘敬老院公共厕所,道滘镇中心城区东安路道滘中心幼儿园附近,113.67 ,23.00 ,广东省,769,东莞市,441900,东莞市,公共设施;公共厕所;公共厕所,,,
BV10944461,虎门敬老院(公交站),虎门1路,113.67 ,22.78 ,广东省,769,东莞市,441900,东莞市,交通设施服务;公交车站;公交车站相关,,,
BV10841398,乾务敬老院(公交站),406路/406路南线;407路;501路,113.22 ,22.16 ,广东省,756,珠海市,440403,斗门区,交通设施服务;公交车站;公交车站相关,,,
BV10222614,公馆敬老院(公交站),206路/206路专线,110.85 ,21.67 ,广东省,668,茂名市,440902,茂南区,交通设施服务;公交车站;公交车站相关,,,
BV10023423,沙湾敬老院(公交站),番7B路,113.34 ,22.90 ,广东省,20,广州市,440113,番禺区,交通设施服务;公交车站;公交车站相关,,,
B0FFHRXHU2,高州市金山敬老院,,110.84 ,21.84 ,广东省,668,茂名市,440981,高州市,体育休闲服务;体育休闲服务场所;体育休闲服务场所,,,
BV11109473,棉城敬老院(公交站),304路,116.60 ,23.27 ,广东省,754,汕头市,440513,潮阳区,交通设施服务;公交车站;公交车站相关,,,
BV11094815,龙田敬老院(公交站),龙门1路蓝田支线,114.26 ,23.83 ,广东省,752,惠州市,441324,龙门县,交通设施服务;公交车站;公交车站相关,,,
BV11049118,海陵敬老院(公交站),31路,111.92 ,21.66 ,广东省,662,阳江市,441702,江城区,交通设施服务;公交车站;公交车站相关,,,
B0FFHDUVQH,大沥敬老院(西北门),体育路与教育路交叉口南100米,113.13 ,23.11 ,广东省,757,佛山市,440605,南海区,通行设施;临街院门;临街院门,,,
BV10955901,马水敬老院(公交站),阳春5路,111.68 ,22.11 ,广东省,662,阳江市,441781,阳春市,交通设施服务;公交车站;公交车站相关,,,
BV10898011,鳌头敬老院(公交站),2路,110.85 ,21.56 ,广东省,668,茂名市,440902,茂南区,交通设施服务;公交车站;公交车站相关,,,
BV10702593,镇盛敬老院(公交站),215路/215路专线,110.86 ,21.63 ,广东省,668,茂名市,440902,茂南区,交通设施服务;公交车站;公交车站相关,,,
BV10693573,秋长敬老院(公交站),666路;大亚湾333路;惠阳4路,114.39 ,22.83 ,广东省,752,惠州市,441303,惠阳区,交通设施服务;公交车站;公交车站相关,,,
B0FFG4JPGD,埔前镇敬老院(东南门),埔前镇莲塘岭,114.61 ,23.56 ,广东省,762,河源市,441602,源城区,通行设施;临街院门;临街院正门,,,
B0FFFWY8CX,祖庙街道敬老院(东北门),文华北路与新风路交叉口东100米,113.13 ,23.02 ,广东省,757,佛山市,440604,禅城区,通行设施;临街院门;临街院门,,,
B0FFH129D5,广州市白云区东塱老人护养院,北太路与村南路交叉口东北100米,113.30 ,23.30 ,广东省,20,广州市,440111,白云区,政府机构及社会团体;政府及社会团体相关;政府及社会团体相关,,,
BV11027673,海陵养老院(公交站),31路;闸坡线下朗方向;闸坡线麻礼方向,111.92 ,21.65 ,广东省,662,阳江市,441702,江城区,交通设施服务;公交车站;公交车站相关,,,
B02EE0P22I,共和镇敬老院,共和社区(鹤山市共和镇政府北),112.88 ,22.58 ,广东省,750,江门市,440784,鹤山市,政府机构及社会团体;政府及社会团体相关;政府及社会团体相关,,,
B0FFG6POJK,石龙敬老院(东南门),福寿街与福康街交叉口东北50米,113.86 ,23.11 ,广东省,769,东莞市,441900,东莞市,通行设施;临街院门;临街院正门,,,
B0FFK7U6RW,老人活动中心(幸福院),绿塘下村中路与绿塘北中路交叉口南150米,110.41 ,21.21 ,广东省,759,湛江市,440803,霞山区,体育休闲服务;休闲场所;休闲场所,,,
B0FFKLDFRN,泰宁养老院,泰宁大街28号,113.28 ,23.09 ,广东省,20,广州市,440105,海珠区,体育休闲服务;体育休闲服务场所;体育休闲服务场所,,,
B0FFKK45BB,乐和和养老院,创业路西50米,110.74 ,21.40 ,广东省,759,湛江市,440883,吴川市,体育休闲服务;体育休闲服务场所;体育休闲服务场所,,,
B0FFKJXFEB,樵养老院,新风路与江浦西路交叉口南150米,112.98 ,22.94 ,广东省,757,佛山市,440605,南海区,体育休闲服务;体育休闲服务场所;体育休闲服务场所,,,
B0FFKIQCT0,康泰养老院,观光北路26号,111.95 ,21.87 ,广东省,662,阳江市,441702,江城区,体育休闲服务;体育休闲服务场所;体育休闲服务场所,,,
B0FFKGCADU,百福养老院,向群街西三巷与清和大道交叉口西南100米,113.02 ,23.73 ,广东省,763,清远市,441803,清新区,体育休闲服务;体育休闲服务场所;体育休闲服务场所,,,
B0FFKCG5WS,家福养老院,水东镇三角圩(阳光医院隔壁),111.00 ,21.53 ,广东省,668,茂名市,440904,电白区,体育休闲服务;体育休闲服务场所;体育休闲服务场所,,,
B0FFK4379C,幸福养老院,313乡道西100米,115.79 ,24.11 ,广东省,753,梅州市,441481,兴宁市,体育休闲服务;体育休闲服务场所;体育休闲服务场所,,,
B0FFJDKHLI,月山镇养老院,公新路与西区人道交叉口南200米,112.73 ,22.47 ,广东省,750,江门市,440783,开平市,体育休闲服务;体育休闲服务场所;体育休闲服务场所,,,
B0FFJDEYVI,天正养老院,碧亭路西50米,113.55 ,24.83 ,广东省,751,韶关市,440204,浈江区,体育休闲服务;体育休闲服务场所;体育休闲服务场所,,,
B0FFIIZLMY,安康养老院(西门),南乐一横路与南乐路交叉口南100米,110.32 ,21.26 ,广东省,759,湛江市,440811,麻章区,通行设施;临街院门;临街院门,,,
B0FFIIZIDO,安康养老院(南门),南乐一横路与南乐路交叉口东南150米,110.32 ,21.26 ,广东省,759,湛江市,440811,麻章区,通行设施;临街院门;临街院门,,,
B0FFIBBF2L,福寿养老院,河西市场西北(红旗中路西),110.90 ,21.67 ,广东省,668,茂名市,440902,茂南区,体育休闲服务;体育休闲服务场所;体育休闲服务场所,,,
B0FFHYNAJJ,福星养老院,万江街道万高路广通楼A楼1号101铺,113.73 ,23.05 ,广东省,769,东莞市,441900,东莞市,体育休闲服务;体育休闲服务场所;体育休闲服务场所,,,
B0FFGPHMVQ,安康养老院,红旗北路338号,110.90 ,21.69 ,广东省,668,茂名市,440902,茂南区,体育休闲服务;体育休闲服务场所;体育休闲服务场所,,,
B0FFGC4IIU,博爱养老院(东南门),大来南路81号,113.36 ,23.30 ,广东省,20,广州市,440111,白云区,通行设施;临街院门;临街院门,,,
B0FFGC0EM1,怡安养老院,江杜中路25号附近,113.02 ,22.60 ,广东省,750,江门市,440703,蓬江区,体育休闲服务;体育休闲服务场所;体育休闲服务场所,,,
B02F800ZCU,中山市南头镇敬老院,南头镇建设路39号敬老中心西一门,113.29 ,22.71 ,广东省,760,中山市,442000,中山市,体育休闲服务;度假疗养场所;疗养院,,,
B0FFJ62T1N,皓晖养老院(西南门),人民一路35号附近,112.89 ,23.15 ,广东省,757,佛山市,440607,三水区,通行设施;临街院门;临街院门,,,
B0FFIKJ358,宋城养老院(北门),城中路201号附近,112.46 ,23.05 ,广东省,758,肇庆市,441202,端州区,通行设施;临街院门;临街院门,,,
B0FFICO7VS,橘城养老院(西南门),西堤南路56号附近,110.64 ,21.64 ,广东省,668,茂名市,440982,化州市,通行设施;临街院门;临街院正门,,,
B0FFHQ81I2,康颐养老院(西门),兆东街28号附近,113.13 ,23.03 ,广东省,757,佛山市,440604,禅城区,通行设施;临街院门;临街院门,,,
B0FFHPAVWM,从化慈济养老院,,113.52 ,23.64 ,广东省,20,广州市,440117,从化区,体育休闲服务;体育休闲服务场所;体育休闲服务场所,,,
B0FFHDY31V,阳江市养老院停车场,滘桥新路与中濑正街交叉口西北50米,111.95 ,21.85 ,广东省,662,阳江市,441702,江城区,交通设施服务;停车场;公共停车场,,,
B0FFH2ZNFK,晨光养老院,会城街道东侯路工人新村7座,113.04 ,22.53 ,广东省,750,江门市,440705,新会区,体育休闲服务;体育休闲服务场所;体育休闲服务场所,,,
B0FFGIZWSU,良典养老院(西门),西槎路,113.24 ,23.17 ,广东省,20,广州市,440111,白云区,通行设施;临街院门;临街院门,,,
B0FFGIP19X,金宝养老院(东南门),中山七路王家园上街17号,113.25 ,23.12 ,广东省,20,广州市,440103,荔湾区,通行设施;临街院门;临街院门,,,
B0FFGF9D4U,裕升养老院(西南门),西增路62号,113.24 ,23.14 ,广东省,20,广州市,440103,荔湾区,通行设施;临街院门;临街院门,,,
B0FFGC4QXJ,金禧养老院(东北门),七间直街与龙导通津交叉口西南200米,113.26 ,23.10 ,广东省,20,广州市,440105,海珠区,通行设施;临街院门;临街院门,,,
B0FFG4GNZG,松鹤养老院(东南门),沙园路1号,113.27 ,23.09 ,广东省,20,广州市,440105,海珠区,通行设施;临街院门;临街院门,,,
B0FFG4DRE7,慈爱养老院(东北门),洲咀大街13号,113.25 ,23.10 ,广东省,20,广州市,440105,海珠区,通行设施;临街院门;临街院门,,,
B0FFFS6FFP,花城养老院(西南门),北太路与村南路交叉口东100米,113.30 ,23.29 ,广东省,20,广州市,440111,白云区,通行设施;临街院门;临街院门,,,
B00140W4SN,康泰养老院(北门),同沙路32号,113.33 ,23.20 ,广东省,20,广州市,440111,白云区,通行设施;临街院门;临街院正门,,,
B0FFJ7ZW56,茂名市电白区七迳镇敬老院,,111.05 ,21.58 ,广东省,668,茂名市,440904,电白区,体育休闲服务;体育休闲服务场所;体育休闲服务场所,,,
B0FFGPL020,新敬老院行政办公楼,德秀路10附近,113.46 ,22.27 ,广东省,760,中山市,442000,中山市,体育休闲服务;体育休闲服务场所;体育休闲服务场所,,,
B0FFHNG2RD,大沥公共自行车-黄岐敬老院站,北海路与鄱阳路交叉口东南100米,113.18 ,23.12 ,广东省,757,佛山市,440605,南海区,体育休闲服务;体育休闲服务场所;体育休闲服务场所,,,
B0FFFO2LAF,平洲敬老院站自行车租赁点,人民路与太平路二巷交叉口北50米,113.21 ,23.03 ,广东省,757,佛山市,440605,南海区,生活服务;生活服务场所;生活服务场所,3,,
B0FFH11GTD,广州市善心养老院有限公司,三东大道东98号之二,113.25 ,23.41 ,广东省,20,广州市,440114,花都区,公司企业;公司;公司,,,
B0FFIDEPPF,桂城公共自行车平洲敬老院站,平洲太平路桂城社区卫生服务中心,113.14 ,23.04 ,广东省,757,佛山市,440605,南海区,体育休闲服务;体育休闲服务场所;体育休闲服务场所,,,
B0FFHQ7PQN,花山敬老院1号楼,两龙西街,113.27 ,23.45 ,广东省,20,广州市,440114,花都区,地名地址信息;门牌信息;楼栋号,,,
B02F50UZT2,凤城敬老院(东南门),凤庆大街80号附近,113.25 ,22.85 ,广东省,757,佛山市,440606,顺德区,通行设施;临街院门;临街院门,,,
B02F40OMS3,珠海市红十字会前山敬老院志愿服务站,前山翠前南路99号,113.52 ,22.25 ,广东省,756,珠海市,440402,香洲区,政府机构及社会团体;社会团体;红十字会,3.2,,
BV11160148,雷城敬老院(公交站),雷州1路,110.10 ,20.90 ,广东省,759,湛江市,440882,雷州市,交通设施服务;公交车站;公交车站相关,,,
BV10947569,安墩敬老院(公交站),703路;706路,115.00 ,23.17 ,广东省,752,惠州市,441323,惠东县,交通设施服务;公交车站;公交车站相关,,,
B0FFKPMMAZ,涧头敬老院,,114.70 ,24.06 ,广东省,762,河源市,441625,东源县,体育休闲服务;体育休闲服务场所;体育休闲服务场所,,,
B0FFKOEZFV,红草敬老院,,115.35 ,22.84 ,广东省,660,汕尾市,441502,城区,体育休闲服务;体育休闲服务场所;体育休闲服务场所,,,
B0FFKKBPD5,横沥镇敬老院(东南门),康乐路与求雨岭大街交叉口东50米,113.96 ,23.03 ,广东省,769,东莞市,441900,东莞市,通行设施;临街院门;临街院门,,,
B0FFKF2DU1,麒麟敬老院,,110.16 ,21.00 ,广东省,759,湛江市,440811,麻章区,体育休闲服务;体育休闲服务场所;体育休闲服务场所,,,
B0FFKF03X3,鹤洞敬老院,培真路与鹤翔路交叉口西北100米,113.25 ,23.08 ,广东省,20,广州市,440103,荔湾区,体育休闲服务;体育休闲服务场所;体育休闲服务场所,,,
B0FFKF03J7,旦场敬老院,,111.10 ,21.55 ,广东省,668,茂名市,440904,电白区,体育休闲服务;体育休闲服务场所;体育休闲服务场所,,,
B0FFKBF2ID,麻榨镇敬老院,,114.00 ,23.46 ,广东省,752,惠州市,441324,龙门县,体育休闲服务;体育休闲服务场所;体育休闲服务场所,,,
B0FFJMGK6A,梁化镇敬老院,008乡道与M75乡道交叉口东北200米,114.68 ,23.11 ,广东省,752,惠州市,441323,惠东县,体育休闲服务;度假疗养场所;疗养院,,,
B0FFKAVBN3,高州市根子敬老院,617县道东50米,111.08 ,21.81 ,广东省,668,茂名市,440981,高州市,体育休闲服务;体育休闲服务场所;体育休闲服务场所,,,
B0FFK7XI2D,敬老院杂技艺术团,沙井新区福永,113.83 ,22.67 ,广东省,755,深圳市,440306,宝安区,科教文化服务;科教文化场所;科教文化场所,,,
B0FFK714LZ,新坡敬老院,,110.92 ,21.72 ,广东省,668,茂名市,440902,茂南区,体育休闲服务;体育休闲服务场所;体育休闲服务场所,,,
B0FFK46KTV,排沙镇敬老院,529乡道与533乡道交叉口东100米,112.53 ,23.55 ,广东省,758,肇庆市,441223,广宁县,体育休闲服务;体育休闲服务场所;体育休闲服务场所,,,
B0FFJF3O2U,大布镇敬老院,,113.15 ,24.53 ,广东省,751,韶关市,440232,乳源瑶族自治县,体育休闲服务;体育休闲服务场所;体育休闲服务场所,,,
B0FFJETJGR,霖磐镇敬老院,产业转移工业园,116.24 ,23.55 ,广东省,663,揭阳市,445203,揭东区,体育休闲服务;体育休闲服务场所;体育休闲服务场所,,,
B0FFJEHE6B,白宫敬老院,,116.24 ,24.30 ,广东省,753,梅州市,441402,梅江区,体育休闲服务;体育休闲服务场所;体育休闲服务场所,,,
B0FFJCO2VL,上莞镇敬老院,250乡道西150米,115.00 ,24.10 ,广东省,762,河源市,441625,东源县,体育休闲服务;体育休闲服务场所;体育休闲服务场所,,,
B0FFJA1IZR,沙坪敬老院,隔山街123号,112.97 ,22.76 ,广东省,750,江门市,440784,鹤山市,体育休闲服务;体育休闲服务场所;体育休闲服务场所,,,
B0FFJ9PZRK,罗定市附城敬老院,486县道南50米,111.55 ,22.78 ,广东省,766,云浮市,445381,罗定市,体育休闲服务;体育休闲服务场所;体育休闲服务场所,,,
B0FFJ6KLV4,乌塘镇敬老院,676乡道北50米,110.02 ,21.27 ,广东省,759,湛江市,440823,遂溪县,体育休闲服务;体育休闲服务场所;体育休闲服务场所,,,
B0FFJ5WQ05,龙江镇敬老院(西北门),东兴路与海傍路交叉口东北100米,113.08 ,22.89 ,广东省,757,佛山市,440606,顺德区,通行设施;临街院门;临街院门,,,
B0FFJ5FY6P,和顺敬老院(西北门),沿江南路27号附近,113.13 ,23.25 ,广东省,757,佛山市,440605,南海区,通行设施;临街院门;临街院门,,,
B0FFJ2IOFU,高埗镇敬老院(西北门),沿江北路13号附近,113.72 ,23.08 ,广东省,769,东莞市,441900,东莞市,通行设施;临街院门;临街院门,,,
B0FFJ1ZYC6,调风敬老院,289省道东200米,110.25 ,20.67 ,广东省,759,湛江市,440882,雷州市,体育休闲服务;体育休闲服务场所;体育休闲服务场所,,,
B0FFJ1J03C,谢岗镇敬老院(西南门),金海路26号附近,114.14 ,22.95 ,广东省,769,东莞市,441900,东莞市,通行设施;临街院门;临街院正门,,,
B0FFJ0UU1A,石碣镇敬老院(西北门),叶屋南开路与永兴路交叉口东50米,113.80 ,23.10 ,广东省,769,东莞市,441900,东莞市,通行设施;临街院门;临街院正门,,,
B0FFJ0UCIU,桥头敬老院(东北门),工业路1号附近,114.10 ,23.01 ,广东省,769,东莞市,441900,东莞市,通行设施;临街院门;临街院门,,,
B0FFJ0732V,都平镇敬老院,都平街26号附近,111.70 ,23.64 ,广东省,758,肇庆市,441225,封开县,体育休闲服务;体育休闲服务场所;体育休闲服务场所,,,
B0FFIZ8IUX,四都敬老院,长安街附近,115.26 ,24.21 ,广东省,762,河源市,441622,龙川县,体育休闲服务;体育休闲服务场所;体育休闲服务场所,,,
B0FFIVI512,船塘镇敬老院,227乡道北100米,114.97 ,24.15 ,广东省,762,河源市,441625,东源县,体育休闲服务;体育休闲服务场所;体育休闲服务场所,,,
B0FFIUEXUT,太平敬老院,385县道东150米,112.57 ,24.25 ,广东省,763,清远市,441823,阳山县,体育休闲服务;体育休闲服务场所;体育休闲服务场所,,,
B0FFITUWOD,南雄市黄坑敬老院,469乡道东150米,114.51 ,25.23 ,广东省,751,韶关市,440282,南雄市,体育休闲服务;体育休闲服务场所;体育休闲服务场所,,,
B0FFIT0MQJ,常平镇敬老院(南门),东兴三街与木棆市场路交叉口东150米,114.00 ,22.98 ,广东省,769,东莞市,441900,东莞市,通行设施;临街院门;临街院门,,,
B0FFIORWTD,全安敬老院,,114.27 ,25.15 ,广东省,751,韶关市,440282,南雄市,体育休闲服务;体育休闲服务场所;体育休闲服务场所,,,
B0FFIN9JGS,八甲敬老院,113省道南200米,111.43 ,21.95 ,广东省,662,阳江市,441781,阳春市,体育休闲服务;体育休闲服务场所;体育休闲服务场所,,,
B0FFIJ0E54,麻章镇敬老院(南门),南乐路与民乐西街交叉口西150米,110.32 ,21.26 ,广东省,759,湛江市,440811,麻章区,通行设施;临街院门;临街院正门,,,
B0FFIIH3S0,黄岗镇敬老院(西南门),新风北路东150米,112.51 ,23.07 ,广东省,758,肇庆市,441202,端州区,通行设施;临街院门;临街院门,,,
B0FFHZXNCI,乾塘镇敬老院,,110.61 ,21.22 ,广东省,759,湛江市,440804,坡头区,体育休闲服务;体育休闲服务场所;体育休闲服务场所,,,
B0FFHWICO1,普宁市流沙敬老院(北门),军屯乡道与环城南路交叉口西南200米,116.19 ,23.29 ,广东省,663,揭阳市,445281,普宁市,通行设施;临街院门;临街院正门,,,
B0FFHVP4WP,沙源敬老院,沙源中心大道东与沙源中心大道西交叉口西50米,113.17 ,22.66 ,广东省,760,中山市,442000,中山市,体育休闲服务;体育休闲服务场所;体育休闲服务场所,,,
B0FFHS980L,深镇敬老院,仙景路与629县道交叉口西150米,111.12 ,22.18 ,广东省,668,茂名市,440981,高州市,体育休闲服务;体育休闲服务场所;体育休闲服务场所,,,
B0FFHRVDO1,梅林镇敬老院,109县道与431乡道交叉口东200米附近,116.00 ,23.24 ,广东省,663,揭阳市,445281,普宁市,体育休闲服务;体育休闲服务场所;体育休闲服务场所,,,
B0FFHQBQK2,罗村镇敬老院(东南门),罗务公路6号附近,113.04 ,23.05 ,广东省,757,佛山市,440605,南海区,通行设施;临街院门;临街院门,,,
B0FFHQ7O7U,沙湾敬老院(南门),桃园路2号,113.33 ,22.90 ,广东省,20,广州市,440113,番禺区,通行设施;临街院门;临街院门,,,
B0FFHN3QUF,那龙敬老院,阳东区,112.21 ,22.05 ,广东省,662,阳江市,441704,阳东区,体育休闲服务;体育休闲服务场所;体育休闲服务场所,,,
B0FFHMCJAI,东升敬老院(西南门),同乐路与悦胜东路交叉口西北50米,113.29 ,22.62 ,广东省,760,中山市,442000,中山市,通行设施;临街院门;临街院门,,,
B0FFHLRL4G,港口镇敬老院(东南门),朝阳街40号附近,113.39 ,22.59 ,广东省,760,中山市,442000,中山市,通行设施;临街院门;临街院门,,,
B0FFHGL4UO,茶山敬老院(西南门),卫生路与爱国路交叉口北50米,113.87 ,23.06 ,广东省,769,东莞市,441900,东莞市,通行设施;临街院门;临街院正门,,,
B0FFHDS5IX,阳江市江城区敬老院(西北门),北环路55号之1附近,111.96 ,21.86 ,广东省,662,阳江市,441702,江城区,通行设施;临街院门;临街院正门,,,
B0FFH2JGKA,容桂敬老院(西南门),花桥大街10号,113.29 ,22.77 ,广东省,757,佛山市,440606,顺德区,通行设施;临街院门;临街院门,,,
B0FFH29CBA,华洲敬老院(西南门),瀛洲路111附近,113.36 ,23.06 ,广东省,20,广州市,440105,海珠区,通行设施;临街院门;临街院门,,,
B0FFH117GT,沙湾敬老院(北门),华光路与大夫弟街交叉口西150米,113.33 ,22.90 ,广东省,20,广州市,440113,番禺区,通行设施;临街院门;临街院门,,,
B0FFGLE825,南沙敬老院(北门),环市大道西79号,113.57 ,22.75 ,广东省,20,广州市,440115,南沙区,通行设施;临街院门;临街院门,,,
B0FFGL219M,大石镇敬老院(西北门),石南路45号,113.30 ,23.01 ,广东省,20,广州市,440113,番禺区,通行设施;临街院门;临街院门,,,
B0FFGL1E8T,江高镇敬老院(西南门),江高镇,113.22 ,23.27 ,广东省,20,广州市,440111,白云区,通行设施;临街院门;临街院门,,,
B0FFGKV8DZ,洛溪敬老院(西南门),洛溪中路72号,113.29 ,23.05 ,广东省,20,广州市,440113,番禺区,通行设施;临街院门;临街院门,,,
B0FFG7DLEQ,南澳县敬老院(西北门),336省道南50米,117.04 ,23.44 ,广东省,754,汕头市,440523,南澳县,通行设施;临街院门;临街院门,,,
B0FFG6F2ZN,敬老院停车场,下市直街与中市直街交叉口南200米,113.24 ,23.09 ,广东省,20,广州市,440103,荔湾区,交通设施服务;停车场;专用停车场,,,
B0FFG4IX7E,那霍镇敬老院(西北门),113省道东50米,111.25 ,21.90 ,广东省,668,茂名市,440904,电白区,通行设施;临街院门;临街院门,,,
B0FFG4IVEZ,斗门镇敬老院(南门),582县道89附近,113.20 ,22.23 ,广东省,756,珠海市,440403,斗门区,购物服务;家居建材市场;建材五金市场,,,
B0FFG4IS3O,上陵镇敬老院(东南门),230省道西50米,115.01 ,24.57 ,广东省,762,河源市,441624,和平县,通行设施;临街院门;临街院门,,,
B0FFG4HFDM,罗岗镇敬老院(东南门),014县道东50米,115.66 ,24.42 ,广东省,753,梅州市,441481,兴宁市,通行设施;临街院门;临街院门,,,
B0FFG4GKC3,活道镇敬老院(东北门),镇中路7号附近,112.41 ,22.87 ,广东省,758,肇庆市,441204,高要区,通行设施;临街院门;临街院门,,,
B0FFG4FZ15,龙田镇敬老院(东北门),244省道西50米,114.26 ,23.83 ,广东省,752,惠州市,441324,龙门县,通行设施;临街院门;临街院门,,,
B0FFG4FT75,高良镇敬老院(东南门),352省道北50米,111.97 ,23.30 ,广东省,758,肇庆市,441226,德庆县,通行设施;临街院门;临街院门,,,
B0FFG4EH5E,波罗镇敬老院(西北门),258省道东50米,113.03 ,24.44 ,广东省,763,清远市,441881,英德市,通行设施;临街院门;临街院门,,,
B0FFG4EFEY,赤水镇敬老院(西南门),367省道北50米,112.58 ,22.14 ,广东省,750,江门市,440783,开平市,通行设施;临街院门;临街院门,,,
B0FFG0VR7U,张槎镇敬老院(东南门),张槎二路55号,113.07 ,23.03 ,广东省,757,佛山市,440604,禅城区,通行设施;临街院门;临街院正门,,,
B0FFFZSSY1,官渡镇敬老院(西南门),325国道东50米,110.42 ,21.39 ,广东省,759,湛江市,440804,坡头区,通行设施;临街院门;临街院门,,,
B0FFFZSSVA,龙头镇敬老院(西南门),325国道东50米,110.50 ,21.36 ,广东省,759,湛江市,440804,坡头区,通行设施;临街院门;临街院门,,,
